ticket_id,application,issue_type,priority,environment,component,summary,created_date,resolved_date,status,technology,version,region,issue_description,root_cause,solution,tags,service,dependency,estimated_resolution_time,business_impact,key_metric,root_cause_category
JIRA-1201,Enterprise J2EE Application,Bug,P2,Staging,Servlet Container,HTTP requests intermittently return 503 during traffic bursts,2026-09-04,2026-09-04,Closed,Java EE/Servlet Container,9.0,Global,HTTP requests intermittently return 503 during traffic bursts. Operational logs and application-server diagnostics confirmed the behavior.,The servlet executor reached its configured concurrency ceiling and queued requests exceeded the container timeout.,"Tune executor capacity using load-test data, configure bounded queues, and alert on thread saturation.",servlet;threads;503;capacity,web-tier,WebSphere,3 hr,Medium,Thread utilization,thread-pool saturation
JIRA-1202,Enterprise J2EE Application,Bug,P3,QA,EJB Timer,A scheduled reconciliation task starts several minutes late,2026-09-04,2026-09-04,Resolved,Java EE/EJB Timer,14,US,A scheduled reconciliation task starts several minutes late. The issue was reproduced under representative workload and isolated to the application-server integration layer.,The timer scheduler was configured with an incorrect misfire threshold after a server restart.,"Set an appropriate misfire policy, persist scheduler state, and monitor trigger delay.",ejb-timer;misfire;scheduler,scheduler-ejb,WebLogic,2 hr,Low,Trigger delay,misfire configuration
JIRA-1203,Enterprise J2EE Application,Bug,P2,Development,JPA/Hibernate,Concurrent updates produce optimistic locking failures for valid users,2026-09-04,2026-09-04,Resolved,Java EE/JPA/Hibernate,19c,CA,Concurrent updates produce optimistic locking failures for valid users. Operational logs and application-server diagnostics confirmed the behavior.,Two transactions update the same entity version concurrently without an application conflict strategy.,"Catch OptimisticLockException, reload the entity, and apply a bounded retry or user-visible conflict response.",jpa;hibernate;locking;concurrency,persistence,Oracle,4 hr,Medium,Optimistic lock rate,concurrent update
JIRA-1204,Enterprise J2EE Application,Incident,P1,Production,JMS,Message processing stops after the broker reports temporary unavailability,2026-09-04,2026-09-04,Closed,Java EE/JMS,9.3,EU,Message processing stops after the broker reports temporary unavailability. The issue was reproduced under representative workload and isolated to the application-server integration layer.,The JMS connection recovery policy does not recreate consumers after broker reconnection.,"Enable managed reconnection, recreate consumers safely, and monitor consumer registration state.",jms;reconnect;broker;recovery,messaging,IBM MQ,2 hr,High,Active consumer count,consumer recovery
JIRA-1205,Enterprise J2EE Application,Bug,P2,Staging,JNDI,Application starts but an integration lookup fails only in staging,2026-09-04,2026-09-04,Resolved,Java EE/JNDI,9.0,APAC,Application starts but an integration lookup fails only in staging. Operational logs and application-server diagnostics confirmed the behavior.,The staging JNDI binding uses a different resource name from the application deployment descriptor.,"Align JNDI names, externalize environment bindings, and validate mandatory resources during startup.",jndi;staging;configuration;integration,integration-ejb,WebSphere,2 hr,Medium,Lookup failure rate,resource binding mismatch
JIRA-1206,Enterprise J2EE Application,Incident,P1,Production,JTA,Long-running business operation fails at commit time,2026-09-04,2026-09-04,Resolved,Java EE/JTA,14,Global,Long-running business operation fails at commit time. The issue was reproduced under representative workload and isolated to the application-server integration layer.,The transaction exceeded the application server transaction timeout while waiting on a downstream operation.,"Remove remote calls from the transaction, split the workflow into smaller transactions, and tune timeouts from measured workload.",jta;timeout;transactions;latency,core-ejb,WebLogic,5 hr,High,Transaction duration,transaction timeout
JIRA-1207,Enterprise J2EE Application,Bug,P3,Development,JAX-RS,REST endpoint returns 500 instead of a documented validation error,2026-09-04,2026-09-04,Closed,Java EE/JAX-RS,27,US,REST endpoint returns 500 instead of a documented validation error. Operational logs and application-server diagnostics confirmed the behavior.,A Bean Validation exception is not mapped by the shared JAX-RS exception mapper.,Add a validation exception mapper returning the standard 400 response and contract-test invalid requests.,jax-rs;validation;rest;errors,api-tier,WildFly,2 hr,Low,HTTP 500 validation rate,missing exception mapping
JIRA-1208,Enterprise J2EE Application,Bug,P3,Production,JAX-WS,SOAP integration fails when partner response contains a new optional element,2026-09-04,2026-09-04,Resolved,Java EE/JAX-WS,14,CA,SOAP integration fails when partner response contains a new optional element. The issue was reproduced under representative workload and isolated to the application-server integration layer.,Generated JAXB classes were created from an older partner WSDL and reject the newer schema shape.,"Regenerate bindings from the supported WSDL, validate compatibility, and retain representative partner payload tests.",jax-ws;soap;jaxb;schema,integration-ejb,WebLogic,4 hr,Medium,SOAP error rate,stale schema binding
JIRA-1209,Enterprise J2EE Application,Bug,P1,Production,JDBC Pool,Application becomes slow while database CPU is normal,2026-09-04,2026-09-04,Resolved,Java EE/JDBC Pool,19c,EU,Application becomes slow while database CPU is normal. Operational logs and application-server diagnostics confirmed the behavior.,Most requests are waiting for JDBC connections because pool size is below measured concurrent demand.,"Right-size the pool, configure acquisition timeouts, and monitor active, idle, and waiting connections.",jdbc;pool;database;latency,persistence,Oracle,3 hr,High,Connection wait time,undersized JDBC pool
JIRA-1210,Enterprise J2EE Application,Incident,P1,Production,JVM,Application node repeatedly restarts after sustained traffic,2026-09-04,2026-09-04,Closed,Java EE/JVM,17,APAC,Application node repeatedly restarts after sustained traffic. The issue was reproduced under representative workload and isolated to the application-server integration layer.,Heap occupancy remains high because a request-scoped object graph is retained by a static collection.,"Remove the static retention path, verify object lifecycle, and use heap analysis in regression testing.",jvm;heap;oom;memory,platform,JDK 17,6 hr,High,Old-gen occupancy,object retention
JIRA-1211,Enterprise J2EE Application,Bug,P3,Development,JSP,One administrative page renders stale configuration text,2026-09-04,2026-09-04,Resolved,Java EE/JSP,9.0,Global,One administrative page renders stale configuration text. Operational logs and application-server diagnostics confirmed the behavior.,The JSP generated artifact was not invalidated on one cluster member after deployment.,Clear generated JSP artifacts during rollout and make deployment behavior identical across nodes.,jsp;cache;cluster;deployment,web-tier,WebSphere,2 hr,Low,Stale page rate,generated JSP cache
JIRA-1212,Enterprise J2EE Application,Bug,P2,Production,CDI,Application startup fails with an ambiguous dependency error,2026-09-04,2026-09-04,Resolved,Java EE/CDI,27,US,Application startup fails with an ambiguous dependency error. The issue was reproduced under representative workload and isolated to the application-server integration layer.,Two CDI beans expose the same interface without a qualifier and the injection point is ambiguous.,"Add explicit qualifiers, remove unused implementations, and add deployment-time CDI validation.",cdi;injection;startup;qualifier,web-tier,WildFly,3 hr,Medium,Startup failure rate,ambiguous injection
JIRA-1213,Enterprise J2EE Application,Bug,P1,Production,Servlet Security,Protected endpoint is accessible without the expected role,2026-09-04,2026-09-04,Closed,Java EE/Servlet Security,14,CA,Protected endpoint is accessible without the expected role. Operational logs and application-server diagnostics confirmed the behavior.,A URL pattern in web.xml does not match the deployed context path and bypasses the intended constraint.,Correct security-constraint URL mappings and add automated authorization tests for every protected endpoint.,security;servlet;web.xml;authorization,web-tier,WebLogic,4 hr,High,Unauthorized request count,security constraint mismatch
JIRA-1214,Enterprise J2EE Application,Bug,P3,QA,Quartz,Scheduled report runs twice after application failover,2026-09-04,2026-09-04,Resolved,Java EE/Quartz,16,EU,Scheduled report runs twice after application failover. The issue was reproduced under representative workload and isolated to the application-server integration layer.,Both cluster nodes believe they own the scheduler because clustered job-store configuration is incomplete.,"Use a shared clustered job store, enable scheduler clustering, and verify single execution during failover tests.",quartz;cluster;scheduler;failover,scheduler-ejb,PostgreSQL,4 hr,Medium,Duplicate job executions,scheduler clustering
JIRA-1215,Enterprise J2EE Application,Bug,P2,Development,Cache,Users see outdated account settings for several minutes,2026-09-04,2026-09-04,Resolved,Java EE/Cache,7.2,APAC,Users see outdated account settings for several minutes. Operational logs and application-server diagnostics confirmed the behavior.,Application cache TTL is longer than the business requirement and update operations do not evict affected keys.,Invalidate keys on successful updates and reduce TTL to the agreed consistency window.,cache;stale-data;redis;consistency,customer-ejb,Redis,3 hr,Medium,Stale-read duration,missing invalidation
JIRA-1216,Enterprise J2EE Application,Bug,P2,Production,REST Client,Partner API calls fail after periods of inactivity,2026-09-04,2026-09-04,Closed,Java EE/REST Client,v2,Global,Partner API calls fail after periods of inactivity. The issue was reproduced under representative workload and isolated to the application-server integration layer.,Pooled HTTP connections remain idle beyond the partner load balancer timeout and are reused after closure.,Evict idle connections before the partner timeout and configure connection validation.,http-client;idle;connection;integration,integration-ejb,Partner API,3 hr,Medium,Outbound reset rate,stale HTTP connection
JIRA-1217,Enterprise J2EE Application,Task,P4,Staging,Deployment,Cluster deployment can leave nodes on different application versions,2026-09-04,2026-09-04,Resolved,Java EE/Deployment,3.9,US,Cluster deployment can leave nodes on different application versions. Operational logs and application-server diagnostics confirmed the behavior.,Deployment verification checks node health but not deployed artifact identity.,Record application build version and checksum on each node and fail rollout if versions differ.,deployment;checksum;version;cluster,deployment-pipeline,Maven,5 hr,Low,Version consistency,missing artifact validation
JIRA-1218,Enterprise J2EE Application,Improvement,P4,QA,Logging,Operational logs cannot correlate a user request across EJB and JMS processing,2026-09-04,2026-09-04,Resolved,Java EE/Logging,9.3,CA,Operational logs cannot correlate a user request across EJB and JMS processing. The issue was reproduced under representative workload and isolated to the application-server integration layer.,Correlation ID exists at the HTTP layer but is not copied into asynchronous message metadata.,Propagate a non-sensitive correlation ID in JMS message properties and include it in MDC logging context.,logging;correlation;jms;mdc,observability,IBM MQ,5 hr,Low,Trace completeness,context propagation gap
JIRA-1219,Enterprise J2EE Application,Bug,P2,Development,Batch,Large nightly import stops after processing part of the file,2026-09-04,2026-09-04,Closed,Java EE/Batch,19c,EU,Large nightly import stops after processing part of the file. Operational logs and application-server diagnostics confirmed the behavior.,The batch job keeps the entire file and all managed JPA entities in memory until completion.,"Process chunks, flush and clear the persistence context, and persist checkpoints for restart.",batch;jpa;heap;checkpoint,batch-ejb,Oracle,5 hr,High,Batch completion rate,unbounded batch state
JIRA-1220,Enterprise J2EE Application,Improvement,P4,Production,Security,Certificate expiration is discovered only when an integration fails,2026-09-04,2026-09-04,Resolved,Java EE/Security,17,APAC,Certificate expiration is discovered only when an integration fails. The issue was reproduced under representative workload and isolated to the application-server integration layer.,JVM truststore certificates are not inventoried by the monitoring platform.,Export certificate expiry metadata and alert before configurable warning thresholds.,tls;truststore;certificate;monitoring,platform,JDK 17,4 hr,Low,Certificate warning lead time,missing certificate monitoring
JIRA-1221,Enterprise J2EE Application,Bug,P1,Production,Servlet Filter,API response contains inconsistent timestamps after a rolling restart,2026-09-04,2026-09-04,Closed,Java EE/Servlet Filter,9.0,CA,API response contains inconsistent timestamps after a rolling restart. The behavior was reproduced in the production environment using representative J2EE workload and application-server diagnostics.,Timestamp conversion occurs in more than one layer and uses different timezone assumptions. The deployment sequence left stale runtime metadata on one node.,"Persist UTC and perform timezone conversion only at the presentation boundary. Clear runtime metadata, restart the affected subsystem, and add post-deployment smoke tests.",api_response_contains_inconsistent_timestamps;servlet_filter;j2ee,servlet-filter,J2EE runtime / WebSphere,2 hr,High,incident occurrence rate,timezone inconsistency
JIRA-1222,Enterprise J2EE Application,Bug,P3,QA,EJB,Application startup is unexpectedly slow during peak concurrency,2026-09-04,2026-09-04,Resolved,Java EE/EJB,14,EU,Application startup is unexpectedly slow during peak concurrency. The behavior was reproduced in the qa environment using representative J2EE workload and application-server diagnostics.,Component scanning or classpath discovery includes unnecessary packages. A container resource limit was lower than the measured production concurrency.,Narrow scanning scope and remove unused libraries from the deployment archive. Tune the resource limit from load-test evidence and add saturation alerts.,application_startup_is_unexpectedly_slow;ejb;j2ee,ejb,J2EE runtime / WebLogic,3 hr,Low,incident occurrence rate,excessive classpath scanning
JIRA-1223,Enterprise J2EE Application,Improvement,P4,Development,JPA/Hibernate,Error response loses the original business error code after a configuration change,2026-09-04,2026-09-04,Resolved,Java EE/JPA/Hibernate,19c,APAC,Error response loses the original business error code after a configuration change. The behavior was reproduced in the development environment using representative J2EE workload and application-server diagnostics.,A generic exception handler replaces the domain error with a server error. An environment override was not propagated to all cluster members.,Preserve stable business error codes through the exception-mapping layer. Centralize the configuration source and validate effective configuration on every node.,error_response_loses_the_original_business_error_code;jpa-hibernate;j2ee,jpa/hibernate,J2EE runtime / Oracle,4 hr,Low,incident occurrence rate,lossy exception mapping
JIRA-1224,Enterprise J2EE Application,Bug,P2,Production,JMS Listener,Repeated retries create duplicate business events when a downstream service is slow,2026-09-04,2026-09-04,Resolved,Java EE/JMS Listener,16,Global,Repeated retries create duplicate business events when a downstream service is slow. The behavior was reproduced in the production environment using representative J2EE workload and application-server diagnostics.,The processing operation has no idempotency key or uniqueness constraint. The synchronous integration call has no bounded timeout.,"Add an idempotency key, enforce uniqueness in the database, and make retries safe. Add connect/read/overall timeouts and a controlled fallback or circuit breaker.",repeated_retries_create_duplicate_business_events;jms_listener;j2ee,jms-listener,J2EE runtime / PostgreSQL,5 hr,Medium,incident occurrence rate,missing idempotency
JIRA-1225,Enterprise J2EE Application,Bug,P3,Staging,JTA,Metrics show healthy service while users receive failures after database maintenance,2026-09-04,2026-09-04,Closed,Java EE/JTA,9.3,US,Metrics show healthy service while users receive failures after database maintenance. The behavior was reproduced in the staging environment using representative J2EE workload and application-server diagnostics.,Health check tests only the JVM process and not required application resources. The application reused pooled connections that were invalidated by the database.,Separate liveness from readiness and verify critical datasource/JMS dependencies in readiness. Enable connection validation and stale-connection eviction.,metrics_show_healthy_service_while_users_receive_failures;jta;j2ee,jta,J2EE runtime / IBM MQ,6 hr,Low,incident occurrence rate,incomplete readiness check
JIRA-1226,Enterprise J2EE Application,Bug,P2,QA,JAX-RS,Database query latency increases after a release with unusually large requests,2026-09-04,2026-09-04,Resolved,Java EE/JAX-RS,7.2,CA,Database query latency increases after a release with unusually large requests. The behavior was reproduced in the qa environment using representative J2EE workload and application-server diagnostics.,A new ORM query path prevents the database from using the expected index. The request path materializes the complete payload before validation and processing.,"Review execution plans, add or adjust indexes, and include query-plan regression checks. Enforce request-size limits and stream or chunk large payloads.",database_query_latency_increases_after_a_release;jax-rs;j2ee,jax-rs,J2EE runtime / Redis,7 hr,Medium,incident occurrence rate,query-plan regression
JIRA-1227,Enterprise J2EE Application,Bug,P3,Development,JAX-WS,Application logs contain duplicate entries after failover,2026-09-04,2026-09-04,Resolved,Java EE/JAX-WS,17,EU,Application logs contain duplicate entries after failover. The behavior was reproduced in the development environment using representative J2EE workload and application-server diagnostics.,Logging is configured both at the application and container root logger. Cluster ownership state was not persisted consistently between nodes.,Disable duplicate propagation and standardize logger hierarchy. Use shared durable cluster state and test failover/failback scenarios.,application_logs_contain_duplicate_entries;jax-ws;j2ee,jax-ws,J2EE runtime / JDK 17,8 hr,Low,incident occurrence rate,duplicate logger propagation
JIRA-1228,Enterprise J2EE Application,Improvement,P4,Production,JDBC Pool,User preferences revert after refresh when an exception occurs,2026-09-04,2026-09-04,Resolved,Java EE/JDBC Pool,9.0,APAC,User preferences revert after refresh when an exception occurs. The behavior was reproduced in the production environment using representative J2EE workload and application-server diagnostics.,A background synchronization process writes an older snapshot over the current record. A cleanup path is skipped when an unchecked exception exits the normal processing branch.,Use version checks and reject stale synchronization updates. Use container-managed resource cleanup and add exception-path integration tests.,user_preferences_revert_after_refresh;jdbc_pool;j2ee,jdbc-pool,J2EE runtime / WebSphere,2 hr,Low,incident occurrence rate,stale synchronization
JIRA-1229,Enterprise J2EE Application,Bug,P2,Staging,JVM,Remote EJB invocation fails for certain clients after a rolling restart,2026-09-04,2026-09-04,Closed,Java EE/JVM,14,Global,Remote EJB invocation fails for certain clients after a rolling restart. The behavior was reproduced in the staging environment using representative J2EE workload and application-server diagnostics.,The remote interface changed incompatibly without coordinating the client artifact. The deployment sequence left stale runtime metadata on one node.,"Version the remote contract and deploy compatible client/server interfaces. Clear runtime metadata, restart the affected subsystem, and add post-deployment smoke tests.",remote_ejb_invocation_fails_for_certain_clients;jvm;j2ee,jvm,J2EE runtime / WebLogic,3 hr,Medium,incident occurrence rate,remote contract incompatibility
JIRA-1230,Enterprise J2EE Application,Bug,P3,QA,JSP,File processing reports success despite rejected records during peak concurrency,2026-09-04,2026-09-04,Resolved,Java EE/JSP,19c,US,File processing reports success despite rejected records during peak concurrency. The behavior was reproduced in the qa environment using representative J2EE workload and application-server diagnostics.,The batch status is set before all record-level outcomes are committed. A container resource limit was lower than the measured production concurrency.,Use explicit partial-success states and persist record-level outcomes before final status. Tune the resource limit from load-test evidence and add saturation alerts.,file_processing_reports_success_despite_rejected_records;jsp;j2ee,jsp,J2EE runtime / Oracle,4 hr,Low,incident occurrence rate,premature batch completion
JIRA-1231,Enterprise J2EE Application,Bug,P2,Development,CDI,API response contains inconsistent timestamps after a configuration change,2026-09-04,2026-09-04,Resolved,Java EE/CDI,16,CA,API response contains inconsistent timestamps after a configuration change. The behavior was reproduced in the development environment using representative J2EE workload and application-server diagnostics.,Timestamp conversion occurs in more than one layer and uses different timezone assumptions. An environment override was not propagated to all cluster members.,Persist UTC and perform timezone conversion only at the presentation boundary. Centralize the configuration source and validate effective configuration on every node.,api_response_contains_inconsistent_timestamps;cdi;j2ee,cdi,J2EE runtime / PostgreSQL,5 hr,Medium,incident occurrence rate,timezone inconsistency
JIRA-1232,Enterprise J2EE Application,Bug,P3,Production,JNDI,Application startup is unexpectedly slow when a downstream service is slow,2026-09-04,2026-09-04,Resolved,Java EE/JNDI,9.3,EU,Application startup is unexpectedly slow when a downstream service is slow. The behavior was reproduced in the production environment using representative J2EE workload and application-server diagnostics.,Component scanning or classpath discovery includes unnecessary packages. The synchronous integration call has no bounded timeout.,Narrow scanning scope and remove unused libraries from the deployment archive. Add connect/read/overall timeouts and a controlled fallback or circuit breaker.,application_startup_is_unexpectedly_slow;jndi;j2ee,jndi,J2EE runtime / IBM MQ,6 hr,Low,incident occurrence rate,excessive classpath scanning
JIRA-1233,Enterprise J2EE Application,Improvement,P4,Staging,Quartz,Error response loses the original business error code after database maintenance,2026-09-04,2026-09-04,Closed,Java EE/Quartz,7.2,APAC,Error response loses the original business error code after database maintenance. The behavior was reproduced in the staging environment using representative J2EE workload and application-server diagnostics.,A generic exception handler replaces the domain error with a server error. The application reused pooled connections that were invalidated by the database.,Preserve stable business error codes through the exception-mapping layer. Enable connection validation and stale-connection eviction.,error_response_loses_the_original_business_error_code;quartz;j2ee,quartz,J2EE runtime / Redis,7 hr,Low,incident occurrence rate,lossy exception mapping
JIRA-1234,Enterprise J2EE Application,Bug,P2,QA,REST Client,Repeated retries create duplicate business events with unusually large requests,2026-09-04,2026-09-04,Resolved,Java EE/REST Client,17,Global,Repeated retries create duplicate business events with unusually large requests. The behavior was reproduced in the qa environment using representative J2EE workload and application-server diagnostics.,The processing operation has no idempotency key or uniqueness constraint. The request path materializes the complete payload before validation and processing.,"Add an idempotency key, enforce uniqueness in the database, and make retries safe. Enforce request-size limits and stream or chunk large payloads.",repeated_retries_create_duplicate_business_events;rest_client;j2ee,rest-client,J2EE runtime / JDK 17,8 hr,Medium,incident occurrence rate,missing idempotency
JIRA-1235,Enterprise J2EE Application,Bug,P3,Development,Security,Metrics show healthy service while users receive failures after failover,2026-09-04,2026-09-04,Resolved,Java EE/Security,9.0,US,Metrics show healthy service while users receive failures after failover. The behavior was reproduced in the development environment using representative J2EE workload and application-server diagnostics.,Health check tests only the JVM process and not required application resources. Cluster ownership state was not persisted consistently between nodes.,Separate liveness from readiness and verify critical datasource/JMS dependencies in readiness. Use shared durable cluster state and test failover/failback scenarios.,metrics_show_healthy_service_while_users_receive_failures;security;j2ee,security,J2EE runtime / WebSphere,2 hr,Low,incident occurrence rate,incomplete readiness check
JIRA-1236,Enterprise J2EE Application,Bug,P2,Production,Batch,Database query latency increases after a release when an exception occurs,2026-09-04,2026-09-04,Resolved,Java EE/Batch,14,CA,Database query latency increases after a release when an exception occurs. The behavior was reproduced in the production environment using representative J2EE workload and application-server diagnostics.,A new ORM query path prevents the database from using the expected index. A cleanup path is skipped when an unchecked exception exits the normal processing branch.,"Review execution plans, add or adjust indexes, and include query-plan regression checks. Use container-managed resource cleanup and add exception-path integration tests.",database_query_latency_increases_after_a_release;batch;j2ee,batch,J2EE runtime / WebLogic,3 hr,Medium,incident occurrence rate,query-plan regression
JIRA-1237,Enterprise J2EE Application,Bug,P3,Staging,Deployment,Application logs contain duplicate entries after a rolling restart,2026-09-04,2026-09-04,Closed,Java EE/Deployment,19c,EU,Application logs contain duplicate entries after a rolling restart. The behavior was reproduced in the staging environment using representative J2EE workload and application-server diagnostics.,Logging is configured both at the application and container root logger. The deployment sequence left stale runtime metadata on one node.,"Disable duplicate propagation and standardize logger hierarchy. Clear runtime metadata, restart the affected subsystem, and add post-deployment smoke tests.",application_logs_contain_duplicate_entries;deployment;j2ee,deployment,J2EE runtime / Oracle,4 hr,Low,incident occurrence rate,duplicate logger propagation
JIRA-1238,Enterprise J2EE Application,Bug,P1,Production,Logging,User preferences revert after refresh during peak concurrency,2026-09-04,2026-09-04,Resolved,Java EE/Logging,16,APAC,User preferences revert after refresh during peak concurrency. The behavior was reproduced in the production environment using representative J2EE workload and application-server diagnostics.,A background synchronization process writes an older snapshot over the current record. A container resource limit was lower than the measured production concurrency.,Use version checks and reject stale synchronization updates. Tune the resource limit from load-test evidence and add saturation alerts.,user_preferences_revert_after_refresh;logging;j2ee,logging,J2EE runtime / PostgreSQL,5 hr,High,incident occurrence rate,stale synchronization
JIRA-1239,Enterprise J2EE Application,Bug,P2,Development,Cache,Remote EJB invocation fails for certain clients after a configuration change,2026-09-04,2026-09-04,Resolved,Java EE/Cache,9.3,Global,Remote EJB invocation fails for certain clients after a configuration change. The behavior was reproduced in the development environment using representative J2EE workload and application-server diagnostics.,The remote interface changed incompatibly without coordinating the client artifact. An environment override was not propagated to all cluster members.,Version the remote contract and deploy compatible client/server interfaces. Centralize the configuration source and validate effective configuration on every node.,remote_ejb_invocation_fails_for_certain_clients;cache;j2ee,cache,J2EE runtime / IBM MQ,6 hr,Medium,incident occurrence rate,remote contract incompatibility
JIRA-1240,Enterprise J2EE Application,Bug,P3,Production,Classloader,File processing reports success despite rejected records when a downstream service is slow,2026-09-04,2026-09-04,Resolved,Java EE/Classloader,7.2,US,File processing reports success despite rejected records when a downstream service is slow. The behavior was reproduced in the production environment using representative J2EE workload and application-server diagnostics.,The batch status is set before all record-level outcomes are committed. The synchronous integration call has no bounded timeout.,Use explicit partial-success states and persist record-level outcomes before final status. Add connect/read/overall timeouts and a controlled fallback or circuit breaker.,file_processing_reports_success_despite_rejected_records;classloader;j2ee,classloader,J2EE runtime / Redis,7 hr,Low,incident occurrence rate,premature batch completion
JIRA-1241,Enterprise J2EE Application,Bug,P2,Staging,Servlet Filter,API response contains inconsistent timestamps after database maintenance,2026-09-04,2026-09-04,Closed,Java EE/Servlet Filter,17,CA,API response contains inconsistent timestamps after database maintenance. The behavior was reproduced in the staging environment using representative J2EE workload and application-server diagnostics.,Timestamp conversion occurs in more than one layer and uses different timezone assumptions. The application reused pooled connections that were invalidated by the database.,Persist UTC and perform timezone conversion only at the presentation boundary. Enable connection validation and stale-connection eviction.,api_response_contains_inconsistent_timestamps;servlet_filter;j2ee,servlet-filter,J2EE runtime / JDK 17,8 hr,Medium,incident occurrence rate,timezone inconsistency
JIRA-1242,Enterprise J2EE Application,Bug,P3,QA,EJB,Application startup is unexpectedly slow with unusually large requests,2026-09-04,2026-09-04,Resolved,Java EE/EJB,9.0,EU,Application startup is unexpectedly slow with unusually large requests. The behavior was reproduced in the qa environment using representative J2EE workload and application-server diagnostics.,Component scanning or classpath discovery includes unnecessary packages. The request path materializes the complete payload before validation and processing.,Narrow scanning scope and remove unused libraries from the deployment archive. Enforce request-size limits and stream or chunk large payloads.,application_startup_is_unexpectedly_slow;ejb;j2ee,ejb,J2EE runtime / WebSphere,2 hr,Low,incident occurrence rate,excessive classpath scanning
JIRA-1243,Enterprise J2EE Application,Improvement,P4,Development,JPA/Hibernate,Error response loses the original business error code after failover,2026-09-04,2026-09-04,Resolved,Java EE/JPA/Hibernate,14,APAC,Error response loses the original business error code after failover. The behavior was reproduced in the development environment using representative J2EE workload and application-server diagnostics.,A generic exception handler replaces the domain error with a server error. Cluster ownership state was not persisted consistently between nodes.,Preserve stable business error codes through the exception-mapping layer. Use shared durable cluster state and test failover/failback scenarios.,error_response_loses_the_original_business_error_code;jpa-hibernate;j2ee,jpa/hibernate,J2EE runtime / WebLogic,3 hr,Low,incident occurrence rate,lossy exception mapping
JIRA-1244,Enterprise J2EE Application,Bug,P2,Production,JMS Listener,Repeated retries create duplicate business events when an exception occurs,2026-09-04,2026-09-04,Resolved,Java EE/JMS Listener,19c,Global,Repeated retries create duplicate business events when an exception occurs. The behavior was reproduced in the production environment using representative J2EE workload and application-server diagnostics.,The processing operation has no idempotency key or uniqueness constraint. A cleanup path is skipped when an unchecked exception exits the normal processing branch.,"Add an idempotency key, enforce uniqueness in the database, and make retries safe. Use container-managed resource cleanup and add exception-path integration tests.",repeated_retries_create_duplicate_business_events;jms_listener;j2ee,jms-listener,J2EE runtime / Oracle,4 hr,Medium,incident occurrence rate,missing idempotency
JIRA-1245,Enterprise J2EE Application,Bug,P3,Staging,JTA,Metrics show healthy service while users receive failures after a rolling restart,2026-09-04,2026-09-04,Closed,Java EE/JTA,16,US,Metrics show healthy service while users receive failures after a rolling restart. The behavior was reproduced in the staging environment using representative J2EE workload and application-server diagnostics.,Health check tests only the JVM process and not required application resources. The deployment sequence left stale runtime metadata on one node.,"Separate liveness from readiness and verify critical datasource/JMS dependencies in readiness. Clear runtime metadata, restart the affected subsystem, and add post-deployment smoke tests.",metrics_show_healthy_service_while_users_receive_failures;jta;j2ee,jta,J2EE runtime / PostgreSQL,5 hr,Low,incident occurrence rate,incomplete readiness check
JIRA-1246,Enterprise J2EE Application,Bug,P2,QA,JAX-RS,Database query latency increases after a release during peak concurrency,2026-09-04,2026-09-04,Resolved,Java EE/JAX-RS,9.3,CA,Database query latency increases after a release during peak concurrency. The behavior was reproduced in the qa environment using representative J2EE workload and application-server diagnostics.,A new ORM query path prevents the database from using the expected index. A container resource limit was lower than the measured production concurrency.,"Review execution plans, add or adjust indexes, and include query-plan regression checks. Tune the resource limit from load-test evidence and add saturation alerts.",database_query_latency_increases_after_a_release;jax-rs;j2ee,jax-rs,J2EE runtime / IBM MQ,6 hr,Medium,incident occurrence rate,query-plan regression
JIRA-1247,Enterprise J2EE Application,Bug,P3,Development,JAX-WS,Application logs contain duplicate entries after a configuration change,2026-09-04,2026-09-04,Resolved,Java EE/JAX-WS,7.2,EU,Application logs contain duplicate entries after a configuration change. The behavior was reproduced in the development environment using representative J2EE workload and application-server diagnostics.,Logging is configured both at the application and container root logger. An environment override was not propagated to all cluster members.,Disable duplicate propagation and standardize logger hierarchy. Centralize the configuration source and validate effective configuration on every node.,application_logs_contain_duplicate_entries;jax-ws;j2ee,jax-ws,J2EE runtime / Redis,7 hr,Low,incident occurrence rate,duplicate logger propagation
JIRA-1248,Enterprise J2EE Application,Improvement,P4,Production,JDBC Pool,User preferences revert after refresh when a downstream service is slow,2026-09-04,2026-09-04,Resolved,Java EE/JDBC Pool,17,APAC,User preferences revert after refresh when a downstream service is slow. The behavior was reproduced in the production environment using representative J2EE workload and application-server diagnostics.,A background synchronization process writes an older snapshot over the current record. The synchronous integration call has no bounded timeout.,Use version checks and reject stale synchronization updates. Add connect/read/overall timeouts and a controlled fallback or circuit breaker.,user_preferences_revert_after_refresh;jdbc_pool;j2ee,jdbc-pool,J2EE runtime / JDK 17,8 hr,Low,incident occurrence rate,stale synchronization
JIRA-1249,Enterprise J2EE Application,Bug,P2,Staging,JVM,Remote EJB invocation fails for certain clients after database maintenance,2026-09-04,2026-09-04,Closed,Java EE/JVM,9.0,Global,Remote EJB invocation fails for certain clients after database maintenance. The behavior was reproduced in the staging environment using representative J2EE workload and application-server diagnostics.,The remote interface changed incompatibly without coordinating the client artifact. The application reused pooled connections that were invalidated by the database.,Version the remote contract and deploy compatible client/server interfaces. Enable connection validation and stale-connection eviction.,remote_ejb_invocation_fails_for_certain_clients;jvm;j2ee,jvm,J2EE runtime / WebSphere,2 hr,Medium,incident occurrence rate,remote contract incompatibility
JIRA-1250,Enterprise J2EE Application,Bug,P3,QA,JSP,File processing reports success despite rejected records with unusually large requests,2026-09-04,2026-09-04,Resolved,Java EE/JSP,14,US,File processing reports success despite rejected records with unusually large requests. The behavior was reproduced in the qa environment using representative J2EE workload and application-server diagnostics.,The batch status is set before all record-level outcomes are committed. The request path materializes the complete payload before validation and processing.,Use explicit partial-success states and persist record-level outcomes before final status. Enforce request-size limits and stream or chunk large payloads.,file_processing_reports_success_despite_rejected_records;jsp;j2ee,jsp,J2EE runtime / WebLogic,3 hr,Low,incident occurrence rate,premature batch completion
JIRA-1251,Enterprise J2EE Application,Bug,P2,Development,CDI,API response contains inconsistent timestamps after failover,2026-09-04,2026-09-04,Resolved,Java EE/CDI,19c,CA,API response contains inconsistent timestamps after failover. The behavior was reproduced in the development environment using representative J2EE workload and application-server diagnostics.,Timestamp conversion occurs in more than one layer and uses different timezone assumptions. Cluster ownership state was not persisted consistently between nodes.,Persist UTC and perform timezone conversion only at the presentation boundary. Use shared durable cluster state and test failover/failback scenarios.,api_response_contains_inconsistent_timestamps;cdi;j2ee,cdi,J2EE runtime / Oracle,4 hr,Medium,incident occurrence rate,timezone inconsistency
JIRA-1252,Enterprise J2EE Application,Bug,P3,Production,JNDI,Application startup is unexpectedly slow when an exception occurs,2026-09-04,2026-09-04,Resolved,Java EE/JNDI,16,EU,Application startup is unexpectedly slow when an exception occurs. The behavior was reproduced in the production environment using representative J2EE workload and application-server diagnostics.,Component scanning or classpath discovery includes unnecessary packages. A cleanup path is skipped when an unchecked exception exits the normal processing branch.,Narrow scanning scope and remove unused libraries from the deployment archive. Use container-managed resource cleanup and add exception-path integration tests.,application_startup_is_unexpectedly_slow;jndi;j2ee,jndi,J2EE runtime / PostgreSQL,5 hr,Low,incident occurrence rate,excessive classpath scanning
JIRA-1253,Enterprise J2EE Application,Improvement,P4,Staging,Quartz,Error response loses the original business error code after a rolling restart,2026-09-04,2026-09-04,Closed,Java EE/Quartz,9.3,APAC,Error response loses the original business error code after a rolling restart. The behavior was reproduced in the staging environment using representative J2EE workload and application-server diagnostics.,A generic exception handler replaces the domain error with a server error. The deployment sequence left stale runtime metadata on one node.,"Preserve stable business error codes through the exception-mapping layer. Clear runtime metadata, restart the affected subsystem, and add post-deployment smoke tests.",error_response_loses_the_original_business_error_code;quartz;j2ee,quartz,J2EE runtime / IBM MQ,6 hr,Low,incident occurrence rate,lossy exception mapping
JIRA-1254,Enterprise J2EE Application,Bug,P2,QA,REST Client,Repeated retries create duplicate business events during peak concurrency,2026-09-04,2026-09-04,Resolved,Java EE/REST Client,7.2,Global,Repeated retries create duplicate business events during peak concurrency. The behavior was reproduced in the qa environment using representative J2EE workload and application-server diagnostics.,The processing operation has no idempotency key or uniqueness constraint. A container resource limit was lower than the measured production concurrency.,"Add an idempotency key, enforce uniqueness in the database, and make retries safe. Tune the resource limit from load-test evidence and add saturation alerts.",repeated_retries_create_duplicate_business_events;rest_client;j2ee,rest-client,J2EE runtime / Redis,7 hr,Medium,incident occurrence rate,missing idempotency
JIRA-1255,Enterprise J2EE Application,Bug,P1,Production,Security,Metrics show healthy service while users receive failures after a configuration change,2026-09-04,2026-09-04,Resolved,Java EE/Security,17,US,Metrics show healthy service while users receive failures after a configuration change. The behavior was reproduced in the production environment using representative J2EE workload and application-server diagnostics.,Health check tests only the JVM process and not required application resources. An environment override was not propagated to all cluster members.,Separate liveness from readiness and verify critical datasource/JMS dependencies in readiness. Centralize the configuration source and validate effective configuration on every node.,metrics_show_healthy_service_while_users_receive_failures;security;j2ee,security,J2EE runtime / JDK 17,8 hr,High,incident occurrence rate,incomplete readiness check
JIRA-1256,Enterprise J2EE Application,Bug,P2,Production,Batch,Database query latency increases after a release when a downstream service is slow,2026-09-04,2026-09-04,Resolved,Java EE/Batch,9.0,CA,Database query latency increases after a release when a downstream service is slow. The behavior was reproduced in the production environment using representative J2EE workload and application-server diagnostics.,A new ORM query path prevents the database from using the expected index. The synchronous integration call has no bounded timeout.,"Review execution plans, add or adjust indexes, and include query-plan regression checks. Add connect/read/overall timeouts and a controlled fallback or circuit breaker.",database_query_latency_increases_after_a_release;batch;j2ee,batch,J2EE runtime / WebSphere,2 hr,Medium,incident occurrence rate,query-plan regression
JIRA-1257,Enterprise J2EE Application,Bug,P3,Staging,Deployment,Application logs contain duplicate entries after database maintenance,2026-09-04,2026-09-04,Closed,Java EE/Deployment,14,EU,Application logs contain duplicate entries after database maintenance. The behavior was reproduced in the staging environment using representative J2EE workload and application-server diagnostics.,Logging is configured both at the application and container root logger. The application reused pooled connections that were invalidated by the database.,Disable duplicate propagation and standardize logger hierarchy. Enable connection validation and stale-connection eviction.,application_logs_contain_duplicate_entries;deployment;j2ee,deployment,J2EE runtime / WebLogic,3 hr,Low,incident occurrence rate,duplicate logger propagation
JIRA-1258,Enterprise J2EE Application,Improvement,P4,QA,Logging,User preferences revert after refresh with unusually large requests,2026-09-04,2026-09-04,Resolved,Java EE/Logging,19c,APAC,User preferences revert after refresh with unusually large requests. The behavior was reproduced in the qa environment using representative J2EE workload and application-server diagnostics.,A background synchronization process writes an older snapshot over the current record. The request path materializes the complete payload before validation and processing.,Use version checks and reject stale synchronization updates. Enforce request-size limits and stream or chunk large payloads.,user_preferences_revert_after_refresh;logging;j2ee,logging,J2EE runtime / Oracle,4 hr,Low,incident occurrence rate,stale synchronization
JIRA-1259,Enterprise J2EE Application,Bug,P2,Development,Cache,Remote EJB invocation fails for certain clients after failover,2026-09-04,2026-09-04,Resolved,Java EE/Cache,16,Global,Remote EJB invocation fails for certain clients after failover. The behavior was reproduced in the development environment using representative J2EE workload and application-server diagnostics.,The remote interface changed incompatibly without coordinating the client artifact. Cluster ownership state was not persisted consistently between nodes.,Version the remote contract and deploy compatible client/server interfaces. Use shared durable cluster state and test failover/failback scenarios.,remote_ejb_invocation_fails_for_certain_clients;cache;j2ee,cache,J2EE runtime / PostgreSQL,5 hr,Medium,incident occurrence rate,remote contract incompatibility
JIRA-1260,Enterprise J2EE Application,Bug,P3,Production,Classloader,File processing reports success despite rejected records when an exception occurs,2026-09-04,2026-09-04,Resolved,Java EE/Classloader,9.3,US,File processing reports success despite rejected records when an exception occurs. The behavior was reproduced in the production environment using representative J2EE workload and application-server diagnostics.,The batch status is set before all record-level outcomes are committed. A cleanup path is skipped when an unchecked exception exits the normal processing branch.,Use explicit partial-success states and persist record-level outcomes before final status. Use container-managed resource cleanup and add exception-path integration tests.,file_processing_reports_success_despite_rejected_records;classloader;j2ee,classloader,J2EE runtime / IBM MQ,6 hr,Low,incident occurrence rate,premature batch completion
JIRA-1261,Enterprise J2EE Application,Bug,P2,Staging,Servlet Filter,API response contains inconsistent timestamps after a rolling restart,2026-09-04,2026-09-04,Closed,Java EE/Servlet Filter,7.2,CA,API response contains inconsistent timestamps after a rolling restart. The behavior was reproduced in the staging environment using representative J2EE workload and application-server diagnostics.,Timestamp conversion occurs in more than one layer and uses different timezone assumptions. The deployment sequence left stale runtime metadata on one node.,"Persist UTC and perform timezone conversion only at the presentation boundary. Clear runtime metadata, restart the affected subsystem, and add post-deployment smoke tests.",api_response_contains_inconsistent_timestamps;servlet_filter;j2ee,servlet-filter,J2EE runtime / Redis,7 hr,Medium,incident occurrence rate,timezone inconsistency
JIRA-1262,Enterprise J2EE Application,Bug,P3,QA,EJB,Application startup is unexpectedly slow during peak concurrency,2026-09-04,2026-09-04,Resolved,Java EE/EJB,17,EU,Application startup is unexpectedly slow during peak concurrency. The behavior was reproduced in the qa environment using representative J2EE workload and application-server diagnostics.,Component scanning or classpath discovery includes unnecessary packages. A container resource limit was lower than the measured production concurrency.,Narrow scanning scope and remove unused libraries from the deployment archive. Tune the resource limit from load-test evidence and add saturation alerts.,application_startup_is_unexpectedly_slow;ejb;j2ee,ejb,J2EE runtime / JDK 17,8 hr,Low,incident occurrence rate,excessive classpath scanning
JIRA-1263,Enterprise J2EE Application,Improvement,P4,Development,JPA/Hibernate,Error response loses the original business error code after a configuration change,2026-09-04,2026-09-04,Resolved,Java EE/JPA/Hibernate,9.0,APAC,Error response loses the original business error code after a configuration change. The behavior was reproduced in the development environment using representative J2EE workload and application-server diagnostics.,A generic exception handler replaces the domain error with a server error. An environment override was not propagated to all cluster members.,Preserve stable business error codes through the exception-mapping layer. Centralize the configuration source and validate effective configuration on every node.,error_response_loses_the_original_business_error_code;jpa-hibernate;j2ee,jpa/hibernate,J2EE runtime / WebSphere,2 hr,Low,incident occurrence rate,lossy exception mapping
JIRA-1264,Enterprise J2EE Application,Bug,P2,Production,JMS Listener,Repeated retries create duplicate business events when a downstream service is slow,2026-09-04,2026-09-04,Resolved,Java EE/JMS Listener,14,Global,Repeated retries create duplicate business events when a downstream service is slow. The behavior was reproduced in the production environment using representative J2EE workload and application-server diagnostics.,The processing operation has no idempotency key or uniqueness constraint. The synchronous integration call has no bounded timeout.,"Add an idempotency key, enforce uniqueness in the database, and make retries safe. Add connect/read/overall timeouts and a controlled fallback or circuit breaker.",repeated_retries_create_duplicate_business_events;jms_listener;j2ee,jms-listener,J2EE runtime / WebLogic,3 hr,Medium,incident occurrence rate,missing idempotency
JIRA-1265,Enterprise J2EE Application,Bug,P3,Staging,JTA,Metrics show healthy service while users receive failures after database maintenance,2026-09-04,2026-09-04,Closed,Java EE/JTA,19c,US,Metrics show healthy service while users receive failures after database maintenance. The behavior was reproduced in the staging environment using representative J2EE workload and application-server diagnostics.,Health check tests only the JVM process and not required application resources. The application reused pooled connections that were invalidated by the database.,Separate liveness from readiness and verify critical datasource/JMS dependencies in readiness. Enable connection validation and stale-connection eviction.,metrics_show_healthy_service_while_users_receive_failures;jta;j2ee,jta,J2EE runtime / Oracle,4 hr,Low,incident occurrence rate,incomplete readiness check
JIRA-1266,Enterprise J2EE Application,Bug,P2,QA,JAX-RS,Database query latency increases after a release with unusually large requests,2026-09-04,2026-09-04,Resolved,Java EE/JAX-RS,16,CA,Database query latency increases after a release with unusually large requests. The behavior was reproduced in the qa environment using representative J2EE workload and application-server diagnostics.,A new ORM query path prevents the database from using the expected index. The request path materializes the complete payload before validation and processing.,"Review execution plans, add or adjust indexes, and include query-plan regression checks. Enforce request-size limits and stream or chunk large payloads.",database_query_latency_increases_after_a_release;jax-rs;j2ee,jax-rs,J2EE runtime / PostgreSQL,5 hr,Medium,incident occurrence rate,query-plan regression
JIRA-1267,Enterprise J2EE Application,Bug,P3,Development,JAX-WS,Application logs contain duplicate entries after failover,2026-09-04,2026-09-04,Resolved,Java EE/JAX-WS,9.3,EU,Application logs contain duplicate entries after failover. The behavior was reproduced in the development environment using representative J2EE workload and application-server diagnostics.,Logging is configured both at the application and container root logger. Cluster ownership state was not persisted consistently between nodes.,Disable duplicate propagation and standardize logger hierarchy. Use shared durable cluster state and test failover/failback scenarios.,application_logs_contain_duplicate_entries;jax-ws;j2ee,jax-ws,J2EE runtime / IBM MQ,6 hr,Low,incident occurrence rate,duplicate logger propagation
JIRA-1268,Enterprise J2EE Application,Improvement,P4,Production,JDBC Pool,User preferences revert after refresh when an exception occurs,2026-09-04,2026-09-04,Resolved,Java EE/JDBC Pool,7.2,APAC,User preferences revert after refresh when an exception occurs. The behavior was reproduced in the production environment using representative J2EE workload and application-server diagnostics.,A background synchronization process writes an older snapshot over the current record. A cleanup path is skipped when an unchecked exception exits the normal processing branch.,Use version checks and reject stale synchronization updates. Use container-managed resource cleanup and add exception-path integration tests.,user_preferences_revert_after_refresh;jdbc_pool;j2ee,jdbc-pool,J2EE runtime / Redis,7 hr,Low,incident occurrence rate,stale synchronization
JIRA-1269,Enterprise J2EE Application,Bug,P2,Staging,JVM,Remote EJB invocation fails for certain clients after a rolling restart,2026-09-04,2026-09-04,Closed,Java EE/JVM,17,Global,Remote EJB invocation fails for certain clients after a rolling restart. The behavior was reproduced in the staging environment using representative J2EE workload and application-server diagnostics.,The remote interface changed incompatibly without coordinating the client artifact. The deployment sequence left stale runtime metadata on one node.,"Version the remote contract and deploy compatible client/server interfaces. Clear runtime metadata, restart the affected subsystem, and add post-deployment smoke tests.",remote_ejb_invocation_fails_for_certain_clients;jvm;j2ee,jvm,J2EE runtime / JDK 17,8 hr,Medium,incident occurrence rate,remote contract incompatibility
JIRA-1270,Enterprise J2EE Application,Bug,P3,QA,JSP,File processing reports success despite rejected records during peak concurrency,2026-09-04,2026-09-04,Resolved,Java EE/JSP,9.0,US,File processing reports success despite rejected records during peak concurrency. The behavior was reproduced in the qa environment using representative J2EE workload and application-server diagnostics.,The batch status is set before all record-level outcomes are committed. A container resource limit was lower than the measured production concurrency.,Use explicit partial-success states and persist record-level outcomes before final status. Tune the resource limit from load-test evidence and add saturation alerts.,file_processing_reports_success_despite_rejected_records;jsp;j2ee,jsp,J2EE runtime / WebSphere,2 hr,Low,incident occurrence rate,premature batch completion
JIRA-1271,Enterprise J2EE Application,Bug,P2,Development,CDI,API response contains inconsistent timestamps after a configuration change,2026-09-04,2026-09-04,Resolved,Java EE/CDI,14,CA,API response contains inconsistent timestamps after a configuration change. The behavior was reproduced in the development environment using representative J2EE workload and application-server diagnostics.,Timestamp conversion occurs in more than one layer and uses different timezone assumptions. An environment override was not propagated to all cluster members.,Persist UTC and perform timezone conversion only at the presentation boundary. Centralize the configuration source and validate effective configuration on every node.,api_response_contains_inconsistent_timestamps;cdi;j2ee,cdi,J2EE runtime / WebLogic,3 hr,Medium,incident occurrence rate,timezone inconsistency
JIRA-1272,Enterprise J2EE Application,Bug,P1,Production,JNDI,Application startup is unexpectedly slow when a downstream service is slow,2026-09-04,2026-09-04,Resolved,Java EE/JNDI,19c,EU,Application startup is unexpectedly slow when a downstream service is slow. The behavior was reproduced in the production environment using representative J2EE workload and application-server diagnostics.,Component scanning or classpath discovery includes unnecessary packages. The synchronous integration call has no bounded timeout.,Narrow scanning scope and remove unused libraries from the deployment archive. Add connect/read/overall timeouts and a controlled fallback or circuit breaker.,application_startup_is_unexpectedly_slow;jndi;j2ee,jndi,J2EE runtime / Oracle,4 hr,High,incident occurrence rate,excessive classpath scanning
JIRA-1273,Enterprise J2EE Application,Improvement,P4,Staging,Quartz,Error response loses the original business error code after database maintenance,2026-09-04,2026-09-04,Closed,Java EE/Quartz,16,APAC,Error response loses the original business error code after database maintenance. The behavior was reproduced in the staging environment using representative J2EE workload and application-server diagnostics.,A generic exception handler replaces the domain error with a server error. The application reused pooled connections that were invalidated by the database.,Preserve stable business error codes through the exception-mapping layer. Enable connection validation and stale-connection eviction.,error_response_loses_the_original_business_error_code;quartz;j2ee,quartz,J2EE runtime / PostgreSQL,5 hr,Low,incident occurrence rate,lossy exception mapping
JIRA-1274,Enterprise J2EE Application,Bug,P2,QA,REST Client,Repeated retries create duplicate business events with unusually large requests,2026-09-04,2026-09-04,Resolved,Java EE/REST Client,9.3,Global,Repeated retries create duplicate business events with unusually large requests. The behavior was reproduced in the qa environment using representative J2EE workload and application-server diagnostics.,The processing operation has no idempotency key or uniqueness constraint. The request path materializes the complete payload before validation and processing.,"Add an idempotency key, enforce uniqueness in the database, and make retries safe. Enforce request-size limits and stream or chunk large payloads.",repeated_retries_create_duplicate_business_events;rest_client;j2ee,rest-client,J2EE runtime / IBM MQ,6 hr,Medium,incident occurrence rate,missing idempotency
JIRA-1275,Enterprise J2EE Application,Bug,P3,Development,Security,Metrics show healthy service while users receive failures after failover,2026-09-04,2026-09-04,Resolved,Java EE/Security,7.2,US,Metrics show healthy service while users receive failures after failover. The behavior was reproduced in the development environment using representative J2EE workload and application-server diagnostics.,Health check tests only the JVM process and not required application resources. Cluster ownership state was not persisted consistently between nodes.,Separate liveness from readiness and verify critical datasource/JMS dependencies in readiness. Use shared durable cluster state and test failover/failback scenarios.,metrics_show_healthy_service_while_users_receive_failures;security;j2ee,security,J2EE runtime / Redis,7 hr,Low,incident occurrence rate,incomplete readiness check
JIRA-1276,Enterprise J2EE Application,Bug,P2,Production,Batch,Database query latency increases after a release when an exception occurs,2026-09-04,2026-09-04,Resolved,Java EE/Batch,17,CA,Database query latency increases after a release when an exception occurs. The behavior was reproduced in the production environment using representative J2EE workload and application-server diagnostics.,A new ORM query path prevents the database from using the expected index. A cleanup path is skipped when an unchecked exception exits the normal processing branch.,"Review execution plans, add or adjust indexes, and include query-plan regression checks. Use container-managed resource cleanup and add exception-path integration tests.",database_query_latency_increases_after_a_release;batch;j2ee,batch,J2EE runtime / JDK 17,8 hr,Medium,incident occurrence rate,query-plan regression
JIRA-1277,Enterprise J2EE Application,Bug,P3,Staging,Deployment,Application logs contain duplicate entries after a rolling restart,2026-09-04,2026-09-04,Closed,Java EE/Deployment,9.0,EU,Application logs contain duplicate entries after a rolling restart. The behavior was reproduced in the staging environment using representative J2EE workload and application-server diagnostics.,Logging is configured both at the application and container root logger. The deployment sequence left stale runtime metadata on one node.,"Disable duplicate propagation and standardize logger hierarchy. Clear runtime metadata, restart the affected subsystem, and add post-deployment smoke tests.",application_logs_contain_duplicate_entries;deployment;j2ee,deployment,J2EE runtime / WebSphere,2 hr,Low,incident occurrence rate,duplicate logger propagation
JIRA-1278,Enterprise J2EE Application,Improvement,P4,QA,Logging,User preferences revert after refresh during peak concurrency,2026-09-04,2026-09-04,Resolved,Java EE/Logging,14,APAC,User preferences revert after refresh during peak concurrency. The behavior was reproduced in the qa environment using representative J2EE workload and application-server diagnostics.,A background synchronization process writes an older snapshot over the current record. A container resource limit was lower than the measured production concurrency.,Use version checks and reject stale synchronization updates. Tune the resource limit from load-test evidence and add saturation alerts.,user_preferences_revert_after_refresh;logging;j2ee,logging,J2EE runtime / WebLogic,3 hr,Low,incident occurrence rate,stale synchronization
JIRA-1279,Enterprise J2EE Application,Bug,P2,Development,Cache,Remote EJB invocation fails for certain clients after a configuration change,2026-09-04,2026-09-04,Resolved,Java EE/Cache,19c,Global,Remote EJB invocation fails for certain clients after a configuration change. The behavior was reproduced in the development environment using representative J2EE workload and application-server diagnostics.,The remote interface changed incompatibly without coordinating the client artifact. An environment override was not propagated to all cluster members.,Version the remote contract and deploy compatible client/server interfaces. Centralize the configuration source and validate effective configuration on every node.,remote_ejb_invocation_fails_for_certain_clients;cache;j2ee,cache,J2EE runtime / Oracle,4 hr,Medium,incident occurrence rate,remote contract incompatibility
JIRA-1280,Enterprise J2EE Application,Bug,P3,Production,Classloader,File processing reports success despite rejected records when a downstream service is slow,2026-09-04,2026-09-04,Resolved,Java EE/Classloader,16,US,File processing reports success despite rejected records when a downstream service is slow. The behavior was reproduced in the production environment using representative J2EE workload and application-server diagnostics.,The batch status is set before all record-level outcomes are committed. The synchronous integration call has no bounded timeout.,Use explicit partial-success states and persist record-level outcomes before final status. Add connect/read/overall timeouts and a controlled fallback or circuit breaker.,file_processing_reports_success_despite_rejected_records;classloader;j2ee,classloader,J2EE runtime / PostgreSQL,5 hr,Low,incident occurrence rate,premature batch completion
JIRA-1281,Enterprise J2EE Application,Bug,P2,Staging,Servlet Filter,API response contains inconsistent timestamps after database maintenance,2026-09-04,2026-09-04,Closed,Java EE/Servlet Filter,9.3,CA,API response contains inconsistent timestamps after database maintenance. The behavior was reproduced in the staging environment using representative J2EE workload and application-server diagnostics.,Timestamp conversion occurs in more than one layer and uses different timezone assumptions. The application reused pooled connections that were invalidated by the database.,Persist UTC and perform timezone conversion only at the presentation boundary. Enable connection validation and stale-connection eviction.,api_response_contains_inconsistent_timestamps;servlet_filter;j2ee,servlet-filter,J2EE runtime / IBM MQ,6 hr,Medium,incident occurrence rate,timezone inconsistency
JIRA-1282,Enterprise J2EE Application,Bug,P3,QA,EJB,Application startup is unexpectedly slow with unusually large requests,2026-09-04,2026-09-04,Resolved,Java EE/EJB,7.2,EU,Application startup is unexpectedly slow with unusually large requests. The behavior was reproduced in the qa environment using representative J2EE workload and application-server diagnostics.,Component scanning or classpath discovery includes unnecessary packages. The request path materializes the complete payload before validation and processing.,Narrow scanning scope and remove unused libraries from the deployment archive. Enforce request-size limits and stream or chunk large payloads.,application_startup_is_unexpectedly_slow;ejb;j2ee,ejb,J2EE runtime / Redis,7 hr,Low,incident occurrence rate,excessive classpath scanning
JIRA-1283,Enterprise J2EE Application,Improvement,P4,Development,JPA/Hibernate,Error response loses the original business error code after failover,2026-09-04,2026-09-04,Resolved,Java EE/JPA/Hibernate,17,APAC,Error response loses the original business error code after failover. The behavior was reproduced in the development environment using representative J2EE workload and application-server diagnostics.,A generic exception handler replaces the domain error with a server error. Cluster ownership state was not persisted consistently between nodes.,Preserve stable business error codes through the exception-mapping layer. Use shared durable cluster state and test failover/failback scenarios.,error_response_loses_the_original_business_error_code;jpa-hibernate;j2ee,jpa/hibernate,J2EE runtime / JDK 17,8 hr,Low,incident occurrence rate,lossy exception mapping
JIRA-1284,Enterprise J2EE Application,Bug,P2,Production,JMS Listener,Repeated retries create duplicate business events when an exception occurs,2026-09-04,2026-09-04,Resolved,Java EE/JMS Listener,9.0,Global,Repeated retries create duplicate business events when an exception occurs. The behavior was reproduced in the production environment using representative J2EE workload and application-server diagnostics.,The processing operation has no idempotency key or uniqueness constraint. A cleanup path is skipped when an unchecked exception exits the normal processing branch.,"Add an idempotency key, enforce uniqueness in the database, and make retries safe. Use container-managed resource cleanup and add exception-path integration tests.",repeated_retries_create_duplicate_business_events;jms_listener;j2ee,jms-listener,J2EE runtime / WebSphere,2 hr,Medium,incident occurrence rate,missing idempotency
JIRA-1285,Enterprise J2EE Application,Bug,P3,Staging,JTA,Metrics show healthy service while users receive failures after a rolling restart,2026-09-04,2026-09-04,Closed,Java EE/JTA,14,US,Metrics show healthy service while users receive failures after a rolling restart. The behavior was reproduced in the staging environment using representative J2EE workload and application-server diagnostics.,Health check tests only the JVM process and not required application resources. The deployment sequence left stale runtime metadata on one node.,"Separate liveness from readiness and verify critical datasource/JMS dependencies in readiness. Clear runtime metadata, restart the affected subsystem, and add post-deployment smoke tests.",metrics_show_healthy_service_while_users_receive_failures;jta;j2ee,jta,J2EE runtime / WebLogic,3 hr,Low,incident occurrence rate,incomplete readiness check
JIRA-1286,Enterprise J2EE Application,Bug,P2,QA,JAX-RS,Database query latency increases after a release during peak concurrency,2026-09-04,2026-09-04,Resolved,Java EE/JAX-RS,19c,CA,Database query latency increases after a release during peak concurrency. The behavior was reproduced in the qa environment using representative J2EE workload and application-server diagnostics.,A new ORM query path prevents the database from using the expected index. A container resource limit was lower than the measured production concurrency.,"Review execution plans, add or adjust indexes, and include query-plan regression checks. Tune the resource limit from load-test evidence and add saturation alerts.",database_query_latency_increases_after_a_release;jax-rs;j2ee,jax-rs,J2EE runtime / Oracle,4 hr,Medium,incident occurrence rate,query-plan regression
JIRA-1287,Enterprise J2EE Application,Bug,P3,Development,JAX-WS,Application logs contain duplicate entries after a configuration change,2026-09-04,2026-09-04,Resolved,Java EE/JAX-WS,16,EU,Application logs contain duplicate entries after a configuration change. The behavior was reproduced in the development environment using representative J2EE workload and application-server diagnostics.,Logging is configured both at the application and container root logger. An environment override was not propagated to all cluster members.,Disable duplicate propagation and standardize logger hierarchy. Centralize the configuration source and validate effective configuration on every node.,application_logs_contain_duplicate_entries;jax-ws;j2ee,jax-ws,J2EE runtime / PostgreSQL,5 hr,Low,incident occurrence rate,duplicate logger propagation
JIRA-1288,Enterprise J2EE Application,Improvement,P4,Production,JDBC Pool,User preferences revert after refresh when a downstream service is slow,2026-09-04,2026-09-04,Resolved,Java EE/JDBC Pool,9.3,APAC,User preferences revert after refresh when a downstream service is slow. The behavior was reproduced in the production environment using representative J2EE workload and application-server diagnostics.,A background synchronization process writes an older snapshot over the current record. The synchronous integration call has no bounded timeout.,Use version checks and reject stale synchronization updates. Add connect/read/overall timeouts and a controlled fallback or circuit breaker.,user_preferences_revert_after_refresh;jdbc_pool;j2ee,jdbc-pool,J2EE runtime / IBM MQ,6 hr,Low,incident occurrence rate,stale synchronization
JIRA-1289,Enterprise J2EE Application,Bug,P1,Production,JVM,Remote EJB invocation fails for certain clients after database maintenance,2026-09-04,2026-09-04,Closed,Java EE/JVM,7.2,Global,Remote EJB invocation fails for certain clients after database maintenance. The behavior was reproduced in the production environment using representative J2EE workload and application-server diagnostics.,The remote interface changed incompatibly without coordinating the client artifact. The application reused pooled connections that were invalidated by the database.,Version the remote contract and deploy compatible client/server interfaces. Enable connection validation and stale-connection eviction.,remote_ejb_invocation_fails_for_certain_clients;jvm;j2ee,jvm,J2EE runtime / Redis,7 hr,High,incident occurrence rate,remote contract incompatibility
JIRA-1290,Enterprise J2EE Application,Bug,P3,QA,JSP,File processing reports success despite rejected records with unusually large requests,2026-09-04,2026-09-04,Resolved,Java EE/JSP,17,US,File processing reports success despite rejected records with unusually large requests. The behavior was reproduced in the qa environment using representative J2EE workload and application-server diagnostics.,The batch status is set before all record-level outcomes are committed. The request path materializes the complete payload before validation and processing.,Use explicit partial-success states and persist record-level outcomes before final status. Enforce request-size limits and stream or chunk large payloads.,file_processing_reports_success_despite_rejected_records;jsp;j2ee,jsp,J2EE runtime / JDK 17,8 hr,Low,incident occurrence rate,premature batch completion
JIRA-1291,Enterprise J2EE Application,Bug,P2,Development,CDI,API response contains inconsistent timestamps after failover,2026-09-04,2026-09-04,Resolved,Java EE/CDI,9.0,CA,API response contains inconsistent timestamps after failover. The behavior was reproduced in the development environment using representative J2EE workload and application-server diagnostics.,Timestamp conversion occurs in more than one layer and uses different timezone assumptions. Cluster ownership state was not persisted consistently between nodes.,Persist UTC and perform timezone conversion only at the presentation boundary. Use shared durable cluster state and test failover/failback scenarios.,api_response_contains_inconsistent_timestamps;cdi;j2ee,cdi,J2EE runtime / WebSphere,2 hr,Medium,incident occurrence rate,timezone inconsistency
JIRA-1292,Enterprise J2EE Application,Bug,P3,Production,JNDI,Application startup is unexpectedly slow when an exception occurs,2026-09-04,2026-09-04,Resolved,Java EE/JNDI,14,EU,Application startup is unexpectedly slow when an exception occurs. The behavior was reproduced in the production environment using representative J2EE workload and application-server diagnostics.,Component scanning or classpath discovery includes unnecessary packages. A cleanup path is skipped when an unchecked exception exits the normal processing branch.,Narrow scanning scope and remove unused libraries from the deployment archive. Use container-managed resource cleanup and add exception-path integration tests.,application_startup_is_unexpectedly_slow;jndi;j2ee,jndi,J2EE runtime / WebLogic,3 hr,Low,incident occurrence rate,excessive classpath scanning
JIRA-1293,Enterprise J2EE Application,Improvement,P4,Staging,Quartz,Error response loses the original business error code after a rolling restart,2026-09-04,2026-09-04,Closed,Java EE/Quartz,19c,APAC,Error response loses the original business error code after a rolling restart. The behavior was reproduced in the staging environment using representative J2EE workload and application-server diagnostics.,A generic exception handler replaces the domain error with a server error. The deployment sequence left stale runtime metadata on one node.,"Preserve stable business error codes through the exception-mapping layer. Clear runtime metadata, restart the affected subsystem, and add post-deployment smoke tests.",error_response_loses_the_original_business_error_code;quartz;j2ee,quartz,J2EE runtime / Oracle,4 hr,Low,incident occurrence rate,lossy exception mapping
JIRA-1294,Enterprise J2EE Application,Bug,P2,QA,REST Client,Repeated retries create duplicate business events during peak concurrency,2026-09-04,2026-09-04,Resolved,Java EE/REST Client,16,Global,Repeated retries create duplicate business events during peak concurrency. The behavior was reproduced in the qa environment using representative J2EE workload and application-server diagnostics.,The processing operation has no idempotency key or uniqueness constraint. A container resource limit was lower than the measured production concurrency.,"Add an idempotency key, enforce uniqueness in the database, and make retries safe. Tune the resource limit from load-test evidence and add saturation alerts.",repeated_retries_create_duplicate_business_events;rest_client;j2ee,rest-client,J2EE runtime / PostgreSQL,5 hr,Medium,incident occurrence rate,missing idempotency
JIRA-1295,Enterprise J2EE Application,Bug,P3,Development,Security,Metrics show healthy service while users receive failures after a configuration change,2026-09-04,2026-09-04,Resolved,Java EE/Security,9.3,US,Metrics show healthy service while users receive failures after a configuration change. The behavior was reproduced in the development environment using representative J2EE workload and application-server diagnostics.,Health check tests only the JVM process and not required application resources. An environment override was not propagated to all cluster members.,Separate liveness from readiness and verify critical datasource/JMS dependencies in readiness. Centralize the configuration source and validate effective configuration on every node.,metrics_show_healthy_service_while_users_receive_failures;security;j2ee,security,J2EE runtime / IBM MQ,6 hr,Low,incident occurrence rate,incomplete readiness check
JIRA-1296,Enterprise J2EE Application,Bug,P2,Production,Batch,Database query latency increases after a release when a downstream service is slow,2026-09-04,2026-09-04,Resolved,Java EE/Batch,7.2,CA,Database query latency increases after a release when a downstream service is slow. The behavior was reproduced in the production environment using representative J2EE workload and application-server diagnostics.,A new ORM query path prevents the database from using the expected index. The synchronous integration call has no bounded timeout.,"Review execution plans, add or adjust indexes, and include query-plan regression checks. Add connect/read/overall timeouts and a controlled fallback or circuit breaker.",database_query_latency_increases_after_a_release;batch;j2ee,batch,J2EE runtime / Redis,7 hr,Medium,incident occurrence rate,query-plan regression
JIRA-1297,Enterprise J2EE Application,Bug,P3,Staging,Deployment,Application logs contain duplicate entries after database maintenance,2026-09-04,2026-09-04,Closed,Java EE/Deployment,17,EU,Application logs contain duplicate entries after database maintenance. The behavior was reproduced in the staging environment using representative J2EE workload and application-server diagnostics.,Logging is configured both at the application and container root logger. The application reused pooled connections that were invalidated by the database.,Disable duplicate propagation and standardize logger hierarchy. Enable connection validation and stale-connection eviction.,application_logs_contain_duplicate_entries;deployment;j2ee,deployment,J2EE runtime / JDK 17,8 hr,Low,incident occurrence rate,duplicate logger propagation
JIRA-1298,Enterprise J2EE Application,Improvement,P4,QA,Logging,User preferences revert after refresh with unusually large requests,2026-09-04,2026-09-04,Resolved,Java EE/Logging,9.0,APAC,User preferences revert after refresh with unusually large requests. The behavior was reproduced in the qa environment using representative J2EE workload and application-server diagnostics.,A background synchronization process writes an older snapshot over the current record. The request path materializes the complete payload before validation and processing.,Use version checks and reject stale synchronization updates. Enforce request-size limits and stream or chunk large payloads.,user_preferences_revert_after_refresh;logging;j2ee,logging,J2EE runtime / WebSphere,2 hr,Low,incident occurrence rate,stale synchronization
JIRA-1299,Enterprise J2EE Application,Bug,P2,Development,Cache,Remote EJB invocation fails for certain clients after failover,2026-09-04,2026-09-04,Resolved,Java EE/Cache,14,Global,Remote EJB invocation fails for certain clients after failover. The behavior was reproduced in the development environment using representative J2EE workload and application-server diagnostics.,The remote interface changed incompatibly without coordinating the client artifact. Cluster ownership state was not persisted consistently between nodes.,Version the remote contract and deploy compatible client/server interfaces. Use shared durable cluster state and test failover/failback scenarios.,remote_ejb_invocation_fails_for_certain_clients;cache;j2ee,cache,J2EE runtime / WebLogic,3 hr,Medium,incident occurrence rate,remote contract incompatibility
JIRA-1300,Enterprise J2EE Application,Bug,P3,Production,Classloader,File processing reports success despite rejected records when an exception occurs,2026-09-04,2026-09-04,Resolved,Java EE/Classloader,19c,US,File processing reports success despite rejected records when an exception occurs. The behavior was reproduced in the production environment using representative J2EE workload and application-server diagnostics.,The batch status is set before all record-level outcomes are committed. A cleanup path is skipped when an unchecked exception exits the normal processing branch.,Use explicit partial-success states and persist record-level outcomes before final status. Use container-managed resource cleanup and add exception-path integration tests.,file_processing_reports_success_despite_rejected_records;classloader;j2ee,classloader,J2EE runtime / Oracle,4 hr,Low,incident occurrence rate,premature batch completion
JIRA-1001,ECommerce-Portal,Incident,P1,Production,Database / Connection Pool,Database Connection Pool Exhaustion under high load [Subsystem-2],2026-01-03 10:17:00,2026-01-04 00:17:00,Closed,HikariCP / Oracle 19c,v2.5.0-RC1,US-West (Oregon),"HTTP 500 errors occurring across checkout workflows. Logs indicate 'Connection is not available, request timed out after 30000ms'.",Connections were leaked in legacy DAO classes where PreparedStatement and ResultSet objects were not closed in finally blocks under exception scenarios.,Refactored legacy JDBC DAO code to use Java try-with-resources blocks ensuring deterministic connection cleanup. Increased pool max-size to 50.,"connection-leak,hikaricp,jdbc,oracle,production-down",Order Processing Service,Oracle DB Cluster,48h,Checkout failures affecting ~15% of active users during flash sale.,HTTP 500 Error Rate > 12%,Resource Leak
JIRA-1002,Healthcare-Claims-App,Incident,P1,Production,JVM / Memory,OutOfMemoryError: Java heap space during bulk report generation [Subsystem-3],2026-01-05 11:34:00,2026-01-06 23:34:00,Closed,Spring 5 / Hibernate 5 / Java 11,v3.1.2,EU-Central (Frankfurt),Exporting monthly reconciliation reports with >100k rows causes heap exhaustion and crashes the app server node.,Hibernate list() method fetches the entire ResultSet into JVM heap memory at once without applying pagination or object streaming.,Implemented JPA StatelessSession with ScrollableResults and dynamic batch fetching to stream data chunks directly to CSV output.,"oom,java-heap,hibernate,memory-leak,batch-processing",Reporting Service,PostgreSQL / Data Warehouse,48h,Finance team unable to generate end-of-month financial settlement reports.,JVM Heap Utilization = 100%,Memory Management
JIRA-1003,Logistics-Tracker-J2EE,Incident,P1,Staging,Concurrency / Threading,High CPU utilization and thread deadlock during peak traffic [Subsystem-4],2026-01-07 12:51:00,2026-01-07 15:51:00,Closed,JBoss EAP 7.4 / Java 11,v1.9.4,AP-Southeast (Singapore),Application server CPU spiking to 100% with worker threads stuck in BLOCKED state during morning rush hours.,Synchronized block on a shared singleton bean in legacy audit logger created severe contention across 200 HTTP worker threads.,Replaced manual synchronized block with ConcurrentHashMap and asynchronous non-blocking logging using Log4j2 AsyncAppender.,"thread-lock,cpu-spike,jboss,concurrency,deadlock",Core Banking API,User Auth Engine,48h,Mobile banking login delayed or timing out for 40 minutes.,CPU Load > 98%,Concurrency Bug
JIRA-1004,CoreBanking-EE,Incident,P1,UAT,Integration / HTTP Client,Payment gateway client thread pool starvation on upstream latency [Subsystem-5],2026-01-09 13:08:00,2026-01-09 14:08:00,Closed,Apache HttpClient / JAX-RS,v4.0.0,US-East (N. Virginia),Payment requests hanging indefinitely leading to total exhaustion of Tomcat worker threads.,"Default socket timeout on Apache HttpClient was unset (infinite), causing threads to wait indefinitely when third-party API stalled.",Configured ConnectTimeout (1000ms) and SocketTimeout (3000ms) alongside Resilience4j Circuit Breaker and fallback handling.,"http-client,timeout,circuit-breaker,payment-gateway",Payment Service,Third-Party Payment Gateway,2h,E-commerce platform unable to accept credit card payments globally.,Active Thread Count = Max Limit,Configuration Error
JIRA-1005,ECommerce-Portal,Bug,P2,QA,Caching / Redis,HTTP Session state corruption across clustered JBoss nodes [Subsystem-1],2026-01-11 14:25:00,2026-01-12 02:25:00,Closed,Redis / Spring Session,v2.4.1,US-West (Oregon),Users intermittently losing session data or seeing authorization errors after load balancer redirects traffic between nodes.,Non-serializable object stored inside HttpSession triggering Java Serialization failure during Redis session replication.,Implemented java.io.Serializable on custom DTO classes and added transient modifiers to non-essential cached fields.,"session-replication,redis,serialization,jboss-cluster",User Management Service,Redis Cluster,12h,Users forced to re-authenticate repeatedly during browsing.,Session Drop Rate = 8%,Serialization Error
JIRA-1006,Healthcare-Claims-App,Bug,P2,Development,JMS / Messaging,ActiveMQ queue consumer stuck due to unhandled Poison Pill message [Subsystem-2],2026-01-13 15:42:00,2026-01-14 13:42:00,Resolved,ActiveMQ / JMS 2.0,v2.5.0-RC1,EU-Central (Frankfurt),Notification queue depth escalating continuously. Messages not consuming despite active consumer threads.,Uncaught ClassCastException during JMS ObjectMessage payload deserialization causing continuous redelivery loops without acknowledgment.,Configured ActiveMQ Dead Letter Queue (DLQ) with maxRedelivery attempt threshold of 3 and custom MessageListener exception handler.,"jms,activemq,poison-pill,dlq,consumer-stall",Notification Service,ActiveMQ Broker,24h,SMS and Email notifications delayed by over 3 hours.,"JMS Queue Depth > 45,000",Error Handling
JIRA-1007,Logistics-Tracker-J2EE,Bug,P2,Production,JVM / Metaspace,Metaspace OutOfMemoryError after dynamic hot deployments [Subsystem-3],2026-01-15 16:59:00,2026-01-15 23:59:00,Closed,Tomcat 9 / Java 8,v3.1.2,AP-Southeast (Singapore),Tomcat server crashes with java.lang.OutOfMemoryError: Metaspace after multiple web app redeployments.,"ThreadLocal variables in custom logging context were not removed on web application shutdown, pinning WebappClassLoader in memory.",Added ServletContextListener to explicitly invoke ThreadLocal.remove() and unregister JDBC drivers on contextDestroyed.,"metaspace,classloader,memory-leak,tomcat-redeploy",Admin Portal,Tomcat Container,12h,Staging/UAT environment frequent crashes during continuous deployment cycles.,Metaspace Usage = 100%,Memory Management
JIRA-1008,CoreBanking-EE,Vulnerability,P2,Production,Security / XML Parsing,XML External Entity (XXE) vulnerability in SOAP endpoint [Subsystem-4],2026-01-17 17:16:00,2026-01-17 19:16:00,Closed,Apache CXF / JAX-WS,v1.9.4,US-East (N. Virginia),Security penetration testing identified XXE vulnerability in parsing incoming XML SOAP requests.,SAXParserFactory instance used for parsing XML payloads was initialized without disabling external DTD evaluation.,Configured XMLInputFactory and DocumentBuilderFactory with FEATURE_SECURE_PROCESSING and set disallow-doctype-decl to true.,"xxe,security-vulnerability,soap,cxf,xml-parser",B2B Integration Gateway,External Vendor APIs,4h,Potential security compliance violation (PCI-DSS / OWASP Top 10).,Pen-Test Security Vulnerability Level: High,Security Vulnerability
JIRA-1009,ECommerce-Portal,Bug,P2,Production,OR Mapping / SQL,N+1 SELECT query performance degradation on catalog fetching [Subsystem-5],2026-01-19 18:33:00,2026-01-20 00:33:00,Closed,Hibernate / JPA / PostgreSQL,v4.0.0,US-West (Oregon),"Fetching product catalog list executes over 1,200 separate SQL SELECT queries for child category items.",Lazy fetch type defined on @OneToMany relation without explicit JOIN FETCH or EntityGraph specification in JPQL query.,Refactored DAO query to use explicit JOIN FETCH and configured @BatchSize(size = 25) on child collections.,"n-plus-one,hibernate-performance,jpa,sql-optimization",Product Catalog Service,PostgreSQL DB,72h,Product catalog loading taking 8.5 seconds instead of target < 500ms.,Database Queries per Request = 1200+,Code Logic / Performance
JIRA-1010,Healthcare-Claims-App,Bug,P3,Staging,Security / CORS,CORS preflight request failure for secondary domain origins [Subsystem-1],2026-01-21 19:50:00,2026-01-21 20:50:00,Closed,Spring Security 5,v2.4.1,EU-Central (Frankfurt),Browser blocking REST callouts from new partner domain with 'Response to preflight request doesn't pass access control check'.,CorsConfigurationBean allowed domain list was hardcoded and missing new sub-domain origins.,Externalized CORS allowed-origins setting into application.yml dynamic property list backed by Spring Cloud Config.,"cors,spring-security,http-403,web-api",Customer Portal Backend,Frontend Web App,8h,Partner portal users unable to access account summary dashboard.,HTTP 403 Preflight Errors,Configuration Error
JIRA-1011,Logistics-Tracker-J2EE,Bug,P3,UAT,Transaction / JTA,Spring @Transactional rollback ignored on checked Exception [Subsystem-2],2026-01-23 20:07:00,2026-01-24 02:07:00,Closed,Spring Framework / JTA,v2.5.0-RC1,AP-Southeast (Singapore),Database updates commit successfully even when custom OrderProcessingException is thrown during checkout workflow.,Spring declarative transaction management defaults to rolling back only on Unchecked (RuntimeException) exceptions.,Annotated service methods with @Transactional(rollbackFor = Exception.class) to ensure all checked exceptions trigger rollback.,"transaction-rollback,spring-tx,data-integrity",Inventory Service,Inventory DB,8h,Inventory counts deducted without corresponding order creation.,Data Inconsistency Count = 14 records,Framework Misuse
JIRA-1012,CoreBanking-EE,Task,P3,QA,Batch Processing,Spring Scheduled batch job executing concurrently across cluster [Subsystem-3],2026-01-25 09:24:00,2026-01-25 20:24:00,Resolved,Spring Batch / ShedLock,v3.1.2,US-East (N. Virginia),Nightly billing batch job runs simultaneously on all 4 application nodes causing duplicate invoice generation.,@Scheduled annotation used without a distributed lock mechanism across clustered instance nodes.,Integrated ShedLock library with JDBC database lock provider to guarantee single-node execution of scheduled tasks.,"spring-scheduled,shedlock,batch-job,duplicate-task",Billing Service,PostgreSQL DB,12h,Duplicate invoice emails sent to 120 customers.,Duplicate Jobs Executed = 4,Architecture / Design
JIRA-1013,ECommerce-Portal,Bug,P3,Development,Web Container / Tomcat,HTTP 400 Bad Request on large JSON payload submission [Subsystem-4],2026-01-27 10:41:00,2026-01-27 15:41:00,Closed,Apache Tomcat 9 / Spring MVC,v1.9.4,US-West (Oregon),Users unable to upload documents with base64 strings larger than 2MB; server returns immediate HTTP 400.,"Tomcat default maxPostSize parameter set to 2097152 bytes (2MB), rejecting larger request bodies.",Configured maxPostSize in Tomcat server.xml / application.properties to 10485760 bytes (10MB).,"tomcat,max-post-size,http-400,payload-limit",Document Management Service,Tomcat Web Server,8h,Users unable to attach PDF contracts > 2MB.,HTTP 400 Error Count on Uploads,Configuration Error
JIRA-1014,Healthcare-Claims-App,Improvement,P4,Production,Logging / MDC,Missing Correlation ID in async executor log statements [Subsystem-5],2026-01-29 11:58:00,2026-01-30 00:58:00,Closed,Slf4j / Logback / Spring Async,v4.0.0,EU-Central (Frankfurt),Traceability lost in Kibana when log events transition from HTTP request threads to @Async background executor threads.,Logback Mapped Diagnostic Context (MDC) context map is bound to ThreadLocal and not transferred to pool worker threads.,Implemented custom TaskDecorator to copy parent thread MDC context to child task execution threads.,"mdc,slf4j,async-executor,correlation-id,logging",Audit Logging Service,ELK Stack,24h,Increased mean time to resolution (MTTR) during log tracing.,Unlinked Async Logs = 100%,Observability
JIRA-1015,Logistics-Tracker-J2EE,Bug,P4,Production,Localization / i18n,Garbled characters in exported PDF invoices for EU locales [Subsystem-1],2026-01-31 12:15:00,2026-01-31 14:15:00,Closed,Apache PDFBox / Java Core API,v2.4.1,AP-Southeast (Singapore),"Special UTF-8 characters (e.g., German umlauts ä, ö, ü) render as question marks in output PDF documents.",ServletOutputStream was utilizing default OS platform encoding (ISO-8859-1) instead of UTF-8 explicit encoding.,Set response.setCharacterEncoding('UTF-8') and loaded explicit TrueType UTF-8 font into Apache PDFBox instance.,"pdfbox,utf-8,encoding,i18n,pdf-export",Invoice Generation Service,PDF Engine,2h,Minor formatting issue in German customer invoices.,Encoding Defect Count,Code Bug
JIRA-1016,CoreBanking-EE,Task,P4,Production,Build / Code Quality,SonarQube quality gate failure due to unused imports and dead code [Subsystem-2],2026-02-02 13:32:00,2026-02-04 01:32:00,Closed,SonarQube / Maven / Java 11,v2.5.0-RC1,US-East (N. Virginia),Automated build pipeline blocked due to minor SonarQube rule violations regarding code cleanliness.,Accumulated unused import statements and deprecated utility method calls following feature refactoring.,"Executed automatic IDE code cleanup, removed unused imports, and updated SonarQube quality gate thresholds for non-critical modules.","sonarqube,code-quality,maven,ci-cd",Core Utilities Library,CI/CD Pipeline,48h,Build pipeline delayed by 1 hour.,SonarQube Quality Gate Status = Failed,Technical Debt
JIRA-1017,ECommerce-Portal,Incident,P1,Staging,Database / Connection Pool,Database Connection Pool Exhaustion under high load [Subsystem-3],2026-02-04 14:49:00,2026-02-06 00:49:00,Closed,HikariCP / Oracle 19c,v3.1.2,US-West (Oregon),"HTTP 500 errors occurring across checkout workflows. Logs indicate 'Connection is not available, request timed out after 30000ms'.",Connections were leaked in legacy DAO classes where PreparedStatement and ResultSet objects were not closed in finally blocks under exception scenarios.,Refactored legacy JDBC DAO code to use Java try-with-resources blocks ensuring deterministic connection cleanup. Increased pool max-size to 50.,"connection-leak,hikaricp,jdbc,oracle,production-down",Order Processing Service,Oracle DB Cluster,48h,Checkout failures affecting ~15% of active users during flash sale.,HTTP 500 Error Rate > 12%,Resource Leak
JIRA-1018,Healthcare-Claims-App,Incident,P1,UAT,JVM / Memory,OutOfMemoryError: Java heap space during bulk report generation [Subsystem-4],2026-02-06 15:06:00,2026-02-08 06:06:00,Closed,Spring 5 / Hibernate 5 / Java 11,v1.9.4,EU-Central (Frankfurt),Exporting monthly reconciliation reports with >100k rows causes heap exhaustion and crashes the app server node.,Hibernate list() method fetches the entire ResultSet into JVM heap memory at once without applying pagination or object streaming.,Implemented JPA StatelessSession with ScrollableResults and dynamic batch fetching to stream data chunks directly to CSV output.,"oom,java-heap,hibernate,memory-leak,batch-processing",Reporting Service,PostgreSQL / Data Warehouse,72h,Finance team unable to generate end-of-month financial settlement reports.,JVM Heap Utilization = 100%,Memory Management
JIRA-1019,Logistics-Tracker-J2EE,Incident,P1,QA,Concurrency / Threading,High CPU utilization and thread deadlock during peak traffic [Subsystem-5],2026-02-08 16:23:00,2026-02-09 01:23:00,Resolved,JBoss EAP 7.4 / Java 11,v4.0.0,AP-Southeast (Singapore),Application server CPU spiking to 100% with worker threads stuck in BLOCKED state during morning rush hours.,Synchronized block on a shared singleton bean in legacy audit logger created severe contention across 200 HTTP worker threads.,Replaced manual synchronized block with ConcurrentHashMap and asynchronous non-blocking logging using Log4j2 AsyncAppender.,"thread-lock,cpu-spike,jboss,concurrency,deadlock",Core Banking API,User Auth Engine,12h,Mobile banking login delayed or timing out for 40 minutes.,CPU Load > 98%,Concurrency Bug
JIRA-1020,CoreBanking-EE,Incident,P1,Development,Integration / HTTP Client,Payment gateway client thread pool starvation on upstream latency [Subsystem-1],2026-02-10 17:40:00,2026-02-10 23:40:00,Closed,Apache HttpClient / JAX-RS,v2.4.1,US-East (N. Virginia),Payment requests hanging indefinitely leading to total exhaustion of Tomcat worker threads.,"Default socket timeout on Apache HttpClient was unset (infinite), causing threads to wait indefinitely when third-party API stalled.",Configured ConnectTimeout (1000ms) and SocketTimeout (3000ms) alongside Resilience4j Circuit Breaker and fallback handling.,"http-client,timeout,circuit-breaker,payment-gateway",Payment Service,Third-Party Payment Gateway,8h,E-commerce platform unable to accept credit card payments globally.,Active Thread Count = Max Limit,Configuration Error
JIRA-1021,ECommerce-Portal,Bug,P2,Production,Caching / Redis,HTTP Session state corruption across clustered JBoss nodes [Subsystem-2],2026-02-12 18:57:00,2026-02-12 20:57:00,Closed,Redis / Spring Session,v2.5.0-RC1,US-West (Oregon),Users intermittently losing session data or seeing authorization errors after load balancer redirects traffic between nodes.,Non-serializable object stored inside HttpSession triggering Java Serialization failure during Redis session replication.,Implemented java.io.Serializable on custom DTO classes and added transient modifiers to non-essential cached fields.,"session-replication,redis,serialization,jboss-cluster",User Management Service,Redis Cluster,8h,Users forced to re-authenticate repeatedly during browsing.,Session Drop Rate = 8%,Serialization Error
JIRA-1022,Healthcare-Claims-App,Bug,P2,Production,JMS / Messaging,ActiveMQ queue consumer stuck due to unhandled Poison Pill message [Subsystem-3],2026-02-14 19:14:00,2026-02-14 21:14:00,Closed,ActiveMQ / JMS 2.0,v3.1.2,EU-Central (Frankfurt),Notification queue depth escalating continuously. Messages not consuming despite active consumer threads.,Uncaught ClassCastException during JMS ObjectMessage payload deserialization causing continuous redelivery loops without acknowledgment.,Configured ActiveMQ Dead Letter Queue (DLQ) with maxRedelivery attempt threshold of 3 and custom MessageListener exception handler.,"jms,activemq,poison-pill,dlq,consumer-stall",Notification Service,ActiveMQ Broker,4h,SMS and Email notifications delayed by over 3 hours.,"JMS Queue Depth > 45,000",Error Handling
JIRA-1023,Logistics-Tracker-J2EE,Bug,P2,Production,JVM / Metaspace,Metaspace OutOfMemoryError after dynamic hot deployments [Subsystem-4],2026-02-16 20:31:00,2026-02-17 02:31:00,Closed,Tomcat 9 / Java 8,v1.9.4,AP-Southeast (Singapore),Tomcat server crashes with java.lang.OutOfMemoryError: Metaspace after multiple web app redeployments.,"ThreadLocal variables in custom logging context were not removed on web application shutdown, pinning WebappClassLoader in memory.",Added ServletContextListener to explicitly invoke ThreadLocal.remove() and unregister JDBC drivers on contextDestroyed.,"metaspace,classloader,memory-leak,tomcat-redeploy",Admin Portal,Tomcat Container,8h,Staging/UAT environment frequent crashes during continuous deployment cycles.,Metaspace Usage = 100%,Memory Management
JIRA-1024,CoreBanking-EE,Vulnerability,P2,Staging,Security / XML Parsing,XML External Entity (XXE) vulnerability in SOAP endpoint [Subsystem-5],2026-02-18 09:48:00,2026-02-19 06:48:00,Closed,Apache CXF / JAX-WS,v4.0.0,US-East (N. Virginia),Security penetration testing identified XXE vulnerability in parsing incoming XML SOAP requests.,SAXParserFactory instance used for parsing XML payloads was initialized without disabling external DTD evaluation.,Configured XMLInputFactory and DocumentBuilderFactory with FEATURE_SECURE_PROCESSING and set disallow-doctype-decl to true.,"xxe,security-vulnerability,soap,cxf,xml-parser",B2B Integration Gateway,External Vendor APIs,48h,Potential security compliance violation (PCI-DSS / OWASP Top 10).,Pen-Test Security Vulnerability Level: High,Security Vulnerability
JIRA-1025,ECommerce-Portal,Bug,P2,UAT,OR Mapping / SQL,N+1 SELECT query performance degradation on catalog fetching [Subsystem-1],2026-02-20 10:05:00,2026-02-20 14:05:00,Closed,Hibernate / JPA / PostgreSQL,v2.4.1,US-West (Oregon),"Fetching product catalog list executes over 1,200 separate SQL SELECT queries for child category items.",Lazy fetch type defined on @OneToMany relation without explicit JOIN FETCH or EntityGraph specification in JPQL query.,Refactored DAO query to use explicit JOIN FETCH and configured @BatchSize(size = 25) on child collections.,"n-plus-one,hibernate-performance,jpa,sql-optimization",Product Catalog Service,PostgreSQL DB,12h,Product catalog loading taking 8.5 seconds instead of target < 500ms.,Database Queries per Request = 1200+,Code Logic / Performance
JIRA-1026,Healthcare-Claims-App,Bug,P3,QA,Security / CORS,CORS preflight request failure for secondary domain origins [Subsystem-2],2026-02-22 11:22:00,2026-02-22 20:22:00,Resolved,Spring Security 5,v2.5.0-RC1,EU-Central (Frankfurt),Browser blocking REST callouts from new partner domain with 'Response to preflight request doesn't pass access control check'.,CorsConfigurationBean allowed domain list was hardcoded and missing new sub-domain origins.,Externalized CORS allowed-origins setting into application.yml dynamic property list backed by Spring Cloud Config.,"cors,spring-security,http-403,web-api",Customer Portal Backend,Frontend Web App,12h,Partner portal users unable to access account summary dashboard.,HTTP 403 Preflight Errors,Configuration Error
JIRA-1027,Logistics-Tracker-J2EE,Bug,P3,Development,Transaction / JTA,Spring @Transactional rollback ignored on checked Exception [Subsystem-3],2026-02-24 12:39:00,2026-02-24 14:39:00,Resolved,Spring Framework / JTA,v3.1.2,AP-Southeast (Singapore),Database updates commit successfully even when custom OrderProcessingException is thrown during checkout workflow.,Spring declarative transaction management defaults to rolling back only on Unchecked (RuntimeException) exceptions.,Annotated service methods with @Transactional(rollbackFor = Exception.class) to ensure all checked exceptions trigger rollback.,"transaction-rollback,spring-tx,data-integrity",Inventory Service,Inventory DB,2h,Inventory counts deducted without corresponding order creation.,Data Inconsistency Count = 14 records,Framework Misuse
JIRA-1028,CoreBanking-EE,Task,P3,Production,Batch Processing,Spring Scheduled batch job executing concurrently across cluster [Subsystem-4],2026-02-26 13:56:00,2026-02-26 16:56:00,Closed,Spring Batch / ShedLock,v1.9.4,US-East (N. Virginia),Nightly billing batch job runs simultaneously on all 4 application nodes causing duplicate invoice generation.,@Scheduled annotation used without a distributed lock mechanism across clustered instance nodes.,Integrated ShedLock library with JDBC database lock provider to guarantee single-node execution of scheduled tasks.,"spring-scheduled,shedlock,batch-job,duplicate-task",Billing Service,PostgreSQL DB,12h,Duplicate invoice emails sent to 120 customers.,Duplicate Jobs Executed = 4,Architecture / Design
JIRA-1029,ECommerce-Portal,Bug,P3,Production,Web Container / Tomcat,HTTP 400 Bad Request on large JSON payload submission [Subsystem-5],2026-02-28 14:13:00,2026-02-28 17:13:00,Closed,Apache Tomcat 9 / Spring MVC,v4.0.0,US-West (Oregon),Users unable to upload documents with base64 strings larger than 2MB; server returns immediate HTTP 400.,"Tomcat default maxPostSize parameter set to 2097152 bytes (2MB), rejecting larger request bodies.",Configured maxPostSize in Tomcat server.xml / application.properties to 10485760 bytes (10MB).,"tomcat,max-post-size,http-400,payload-limit",Document Management Service,Tomcat Web Server,4h,Users unable to attach PDF contracts > 2MB.,HTTP 400 Error Count on Uploads,Configuration Error
JIRA-1030,Healthcare-Claims-App,Improvement,P4,Production,Logging / MDC,Missing Correlation ID in async executor log statements [Subsystem-1],2026-01-01 15:30:00,2026-01-03 14:30:00,Closed,Slf4j / Logback / Spring Async,v2.4.1,EU-Central (Frankfurt),Traceability lost in Kibana when log events transition from HTTP request threads to @Async background executor threads.,Logback Mapped Diagnostic Context (MDC) context map is bound to ThreadLocal and not transferred to pool worker threads.,Implemented custom TaskDecorator to copy parent thread MDC context to child task execution threads.,"mdc,slf4j,async-executor,correlation-id,logging",Audit Logging Service,ELK Stack,48h,Increased mean time to resolution (MTTR) during log tracing.,Unlinked Async Logs = 100%,Observability
JIRA-1031,Logistics-Tracker-J2EE,Bug,P4,Staging,Localization / i18n,Garbled characters in exported PDF invoices for EU locales [Subsystem-2],2026-01-03 16:47:00,2026-01-04 01:47:00,Closed,Apache PDFBox / Java Core API,v2.5.0-RC1,AP-Southeast (Singapore),"Special UTF-8 characters (e.g., German umlauts ä, ö, ü) render as question marks in output PDF documents.",ServletOutputStream was utilizing default OS platform encoding (ISO-8859-1) instead of UTF-8 explicit encoding.,Set response.setCharacterEncoding('UTF-8') and loaded explicit TrueType UTF-8 font into Apache PDFBox instance.,"pdfbox,utf-8,encoding,i18n,pdf-export",Invoice Generation Service,PDF Engine,12h,Minor formatting issue in German customer invoices.,Encoding Defect Count,Code Bug
JIRA-1032,CoreBanking-EE,Task,P4,UAT,Build / Code Quality,SonarQube quality gate failure due to unused imports and dead code [Subsystem-3],2026-01-05 17:04:00,2026-01-05 21:04:00,Closed,SonarQube / Maven / Java 11,v3.1.2,US-East (N. Virginia),Automated build pipeline blocked due to minor SonarQube rule violations regarding code cleanliness.,Accumulated unused import statements and deprecated utility method calls following feature refactoring.,"Executed automatic IDE code cleanup, removed unused imports, and updated SonarQube quality gate thresholds for non-critical modules.","sonarqube,code-quality,maven,ci-cd",Core Utilities Library,CI/CD Pipeline,4h,Build pipeline delayed by 1 hour.,SonarQube Quality Gate Status = Failed,Technical Debt
JIRA-1033,ECommerce-Portal,Incident,P1,QA,Database / Connection Pool,Database Connection Pool Exhaustion under high load [Subsystem-4],2026-01-07 18:21:00,2026-01-08 00:21:00,Resolved,HikariCP / Oracle 19c,v1.9.4,US-West (Oregon),"HTTP 500 errors occurring across checkout workflows. Logs indicate 'Connection is not available, request timed out after 30000ms'.",Connections were leaked in legacy DAO classes where PreparedStatement and ResultSet objects were not closed in finally blocks under exception scenarios.,Refactored legacy JDBC DAO code to use Java try-with-resources blocks ensuring deterministic connection cleanup. Increased pool max-size to 50.,"connection-leak,hikaricp,jdbc,oracle,production-down",Order Processing Service,Oracle DB Cluster,24h,Checkout failures affecting ~15% of active users during flash sale.,HTTP 500 Error Rate > 12%,Resource Leak
JIRA-1034,Healthcare-Claims-App,Incident,P1,Development,JVM / Memory,OutOfMemoryError: Java heap space during bulk report generation [Subsystem-5],2026-01-09 19:38:00,2026-01-10 08:38:00,Resolved,Spring 5 / Hibernate 5 / Java 11,v4.0.0,EU-Central (Frankfurt),Exporting monthly reconciliation reports with >100k rows causes heap exhaustion and crashes the app server node.,Hibernate list() method fetches the entire ResultSet into JVM heap memory at once without applying pagination or object streaming.,Implemented JPA StatelessSession with ScrollableResults and dynamic batch fetching to stream data chunks directly to CSV output.,"oom,java-heap,hibernate,memory-leak,batch-processing",Reporting Service,PostgreSQL / Data Warehouse,24h,Finance team unable to generate end-of-month financial settlement reports.,JVM Heap Utilization = 100%,Memory Management
JIRA-1035,Logistics-Tracker-J2EE,Incident,P1,Production,Concurrency / Threading,High CPU utilization and thread deadlock during peak traffic [Subsystem-1],2026-01-11 20:55:00,2026-01-14 19:55:00,Closed,JBoss EAP 7.4 / Java 11,v2.4.1,AP-Southeast (Singapore),Application server CPU spiking to 100% with worker threads stuck in BLOCKED state during morning rush hours.,Synchronized block on a shared singleton bean in legacy audit logger created severe contention across 200 HTTP worker threads.,Replaced manual synchronized block with ConcurrentHashMap and asynchronous non-blocking logging using Log4j2 AsyncAppender.,"thread-lock,cpu-spike,jboss,concurrency,deadlock",Core Banking API,User Auth Engine,72h,Mobile banking login delayed or timing out for 40 minutes.,CPU Load > 98%,Concurrency Bug
JIRA-1036,CoreBanking-EE,Incident,P1,Production,Integration / HTTP Client,Payment gateway client thread pool starvation on upstream latency [Subsystem-2],2026-01-13 09:12:00,2026-01-13 11:12:00,Closed,Apache HttpClient / JAX-RS,v2.5.0-RC1,US-East (N. Virginia),Payment requests hanging indefinitely leading to total exhaustion of Tomcat worker threads.,"Default socket timeout on Apache HttpClient was unset (infinite), causing threads to wait indefinitely when third-party API stalled.",Configured ConnectTimeout (1000ms) and SocketTimeout (3000ms) alongside Resilience4j Circuit Breaker and fallback handling.,"http-client,timeout,circuit-breaker,payment-gateway",Payment Service,Third-Party Payment Gateway,2h,E-commerce platform unable to accept credit card payments globally.,Active Thread Count = Max Limit,Configuration Error
JIRA-1037,ECommerce-Portal,Bug,P2,Production,Caching / Redis,HTTP Session state corruption across clustered JBoss nodes [Subsystem-3],2026-01-15 10:29:00,2026-01-15 18:29:00,Closed,Redis / Spring Session,v3.1.2,US-West (Oregon),Users intermittently losing session data or seeing authorization errors after load balancer redirects traffic between nodes.,Non-serializable object stored inside HttpSession triggering Java Serialization failure during Redis session replication.,Implemented java.io.Serializable on custom DTO classes and added transient modifiers to non-essential cached fields.,"session-replication,redis,serialization,jboss-cluster",User Management Service,Redis Cluster,8h,Users forced to re-authenticate repeatedly during browsing.,Session Drop Rate = 8%,Serialization Error
JIRA-1038,Healthcare-Claims-App,Bug,P2,Staging,JMS / Messaging,ActiveMQ queue consumer stuck due to unhandled Poison Pill message [Subsystem-4],2026-01-17 11:46:00,2026-01-18 09:46:00,Closed,ActiveMQ / JMS 2.0,v1.9.4,EU-Central (Frankfurt),Notification queue depth escalating continuously. Messages not consuming despite active consumer threads.,Uncaught ClassCastException during JMS ObjectMessage payload deserialization causing continuous redelivery loops without acknowledgment.,Configured ActiveMQ Dead Letter Queue (DLQ) with maxRedelivery attempt threshold of 3 and custom MessageListener exception handler.,"jms,activemq,poison-pill,dlq,consumer-stall",Notification Service,ActiveMQ Broker,24h,SMS and Email notifications delayed by over 3 hours.,"JMS Queue Depth > 45,000",Error Handling
JIRA-1039,Logistics-Tracker-J2EE,Bug,P2,UAT,JVM / Metaspace,Metaspace OutOfMemoryError after dynamic hot deployments [Subsystem-5],2026-01-19 12:03:00,2026-01-19 13:03:00,Closed,Tomcat 9 / Java 8,v4.0.0,AP-Southeast (Singapore),Tomcat server crashes with java.lang.OutOfMemoryError: Metaspace after multiple web app redeployments.,"ThreadLocal variables in custom logging context were not removed on web application shutdown, pinning WebappClassLoader in memory.",Added ServletContextListener to explicitly invoke ThreadLocal.remove() and unregister JDBC drivers on contextDestroyed.,"metaspace,classloader,memory-leak,tomcat-redeploy",Admin Portal,Tomcat Container,48h,Staging/UAT environment frequent crashes during continuous deployment cycles.,Metaspace Usage = 100%,Memory Management
JIRA-1040,CoreBanking-EE,Vulnerability,P2,QA,Security / XML Parsing,XML External Entity (XXE) vulnerability in SOAP endpoint [Subsystem-1],2026-01-21 13:20:00,2026-01-21 16:20:00,Closed,Apache CXF / JAX-WS,v2.4.1,US-East (N. Virginia),Security penetration testing identified XXE vulnerability in parsing incoming XML SOAP requests.,SAXParserFactory instance used for parsing XML payloads was initialized without disabling external DTD evaluation.,Configured XMLInputFactory and DocumentBuilderFactory with FEATURE_SECURE_PROCESSING and set disallow-doctype-decl to true.,"xxe,security-vulnerability,soap,cxf,xml-parser",B2B Integration Gateway,External Vendor APIs,4h,Potential security compliance violation (PCI-DSS / OWASP Top 10).,Pen-Test Security Vulnerability Level: High,Security Vulnerability
JIRA-1041,ECommerce-Portal,Bug,P2,Development,OR Mapping / SQL,N+1 SELECT query performance degradation on catalog fetching [Subsystem-2],2026-01-23 14:37:00,2026-01-23 15:37:00,Closed,Hibernate / JPA / PostgreSQL,v2.5.0-RC1,US-West (Oregon),"Fetching product catalog list executes over 1,200 separate SQL SELECT queries for child category items.",Lazy fetch type defined on @OneToMany relation without explicit JOIN FETCH or EntityGraph specification in JPQL query.,Refactored DAO query to use explicit JOIN FETCH and configured @BatchSize(size = 25) on child collections.,"n-plus-one,hibernate-performance,jpa,sql-optimization",Product Catalog Service,PostgreSQL DB,2h,Product catalog loading taking 8.5 seconds instead of target < 500ms.,Database Queries per Request = 1200+,Code Logic / Performance
JIRA-1042,Healthcare-Claims-App,Bug,P3,Production,Security / CORS,CORS preflight request failure for secondary domain origins [Subsystem-3],2026-01-25 15:54:00,2026-01-26 06:54:00,Closed,Spring Security 5,v3.1.2,EU-Central (Frankfurt),Browser blocking REST callouts from new partner domain with 'Response to preflight request doesn't pass access control check'.,CorsConfigurationBean allowed domain list was hardcoded and missing new sub-domain origins.,Externalized CORS allowed-origins setting into application.yml dynamic property list backed by Spring Cloud Config.,"cors,spring-security,http-403,web-api",Customer Portal Backend,Frontend Web App,24h,Partner portal users unable to access account summary dashboard.,HTTP 403 Preflight Errors,Configuration Error
JIRA-1043,Logistics-Tracker-J2EE,Bug,P3,Production,Transaction / JTA,Spring @Transactional rollback ignored on checked Exception [Subsystem-4],2026-01-27 16:11:00,2026-01-27 18:11:00,Closed,Spring Framework / JTA,v1.9.4,AP-Southeast (Singapore),Database updates commit successfully even when custom OrderProcessingException is thrown during checkout workflow.,Spring declarative transaction management defaults to rolling back only on Unchecked (RuntimeException) exceptions.,Annotated service methods with @Transactional(rollbackFor = Exception.class) to ensure all checked exceptions trigger rollback.,"transaction-rollback,spring-tx,data-integrity",Inventory Service,Inventory DB,8h,Inventory counts deducted without corresponding order creation.,Data Inconsistency Count = 14 records,Framework Misuse
JIRA-1044,CoreBanking-EE,Task,P3,Production,Batch Processing,Spring Scheduled batch job executing concurrently across cluster [Subsystem-5],2026-01-29 17:28:00,2026-01-29 19:28:00,Closed,Spring Batch / ShedLock,v4.0.0,US-East (N. Virginia),Nightly billing batch job runs simultaneously on all 4 application nodes causing duplicate invoice generation.,@Scheduled annotation used without a distributed lock mechanism across clustered instance nodes.,Integrated ShedLock library with JDBC database lock provider to guarantee single-node execution of scheduled tasks.,"spring-scheduled,shedlock,batch-job,duplicate-task",Billing Service,PostgreSQL DB,2h,Duplicate invoice emails sent to 120 customers.,Duplicate Jobs Executed = 4,Architecture / Design
JIRA-1045,ECommerce-Portal,Bug,P3,Staging,Web Container / Tomcat,HTTP 400 Bad Request on large JSON payload submission [Subsystem-1],2026-01-31 18:45:00,2026-02-01 01:45:00,Closed,Apache Tomcat 9 / Spring MVC,v2.4.1,US-West (Oregon),Users unable to upload documents with base64 strings larger than 2MB; server returns immediate HTTP 400.,"Tomcat default maxPostSize parameter set to 2097152 bytes (2MB), rejecting larger request bodies.",Configured maxPostSize in Tomcat server.xml / application.properties to 10485760 bytes (10MB).,"tomcat,max-post-size,http-400,payload-limit",Document Management Service,Tomcat Web Server,8h,Users unable to attach PDF contracts > 2MB.,HTTP 400 Error Count on Uploads,Configuration Error
JIRA-1046,Healthcare-Claims-App,Improvement,P4,UAT,Logging / MDC,Missing Correlation ID in async executor log statements [Subsystem-2],2026-02-02 19:02:00,2026-02-02 20:02:00,Closed,Slf4j / Logback / Spring Async,v2.5.0-RC1,EU-Central (Frankfurt),Traceability lost in Kibana when log events transition from HTTP request threads to @Async background executor threads.,Logback Mapped Diagnostic Context (MDC) context map is bound to ThreadLocal and not transferred to pool worker threads.,Implemented custom TaskDecorator to copy parent thread MDC context to child task execution threads.,"mdc,slf4j,async-executor,correlation-id,logging",Audit Logging Service,ELK Stack,4h,Increased mean time to resolution (MTTR) during log tracing.,Unlinked Async Logs = 100%,Observability
JIRA-1047,Logistics-Tracker-J2EE,Bug,P4,QA,Localization / i18n,Garbled characters in exported PDF invoices for EU locales [Subsystem-3],2026-02-04 20:19:00,2026-02-05 07:19:00,Closed,Apache PDFBox / Java Core API,v3.1.2,AP-Southeast (Singapore),"Special UTF-8 characters (e.g., German umlauts ä, ö, ü) render as question marks in output PDF documents.",ServletOutputStream was utilizing default OS platform encoding (ISO-8859-1) instead of UTF-8 explicit encoding.,Set response.setCharacterEncoding('UTF-8') and loaded explicit TrueType UTF-8 font into Apache PDFBox instance.,"pdfbox,utf-8,encoding,i18n,pdf-export",Invoice Generation Service,PDF Engine,72h,Minor formatting issue in German customer invoices.,Encoding Defect Count,Code Bug
JIRA-1048,CoreBanking-EE,Task,P4,Development,Build / Code Quality,SonarQube quality gate failure due to unused imports and dead code [Subsystem-4],2026-02-06 09:36:00,2026-02-06 22:36:00,Closed,SonarQube / Maven / Java 11,v1.9.4,US-East (N. Virginia),Automated build pipeline blocked due to minor SonarQube rule violations regarding code cleanliness.,Accumulated unused import statements and deprecated utility method calls following feature refactoring.,"Executed automatic IDE code cleanup, removed unused imports, and updated SonarQube quality gate thresholds for non-critical modules.","sonarqube,code-quality,maven,ci-cd",Core Utilities Library,CI/CD Pipeline,24h,Build pipeline delayed by 1 hour.,SonarQube Quality Gate Status = Failed,Technical Debt
JIRA-1049,ECommerce-Portal,Incident,P1,Production,Database / Connection Pool,Database Connection Pool Exhaustion under high load [Subsystem-5],2026-02-08 10:53:00,2026-02-08 11:53:00,Closed,HikariCP / Oracle 19c,v4.0.0,US-West (Oregon),"HTTP 500 errors occurring across checkout workflows. Logs indicate 'Connection is not available, request timed out after 30000ms'.",Connections were leaked in legacy DAO classes where PreparedStatement and ResultSet objects were not closed in finally blocks under exception scenarios.,Refactored legacy JDBC DAO code to use Java try-with-resources blocks ensuring deterministic connection cleanup. Increased pool max-size to 50.,"connection-leak,hikaricp,jdbc,oracle,production-down",Order Processing Service,Oracle DB Cluster,4h,Checkout failures affecting ~15% of active users during flash sale.,HTTP 500 Error Rate > 12%,Resource Leak
JIRA-1050,Healthcare-Claims-App,Incident,P1,Production,JVM / Memory,OutOfMemoryError: Java heap space during bulk report generation [Subsystem-1],2026-02-10 11:10:00,2026-02-10 14:10:00,Closed,Spring 5 / Hibernate 5 / Java 11,v2.4.1,EU-Central (Frankfurt),Exporting monthly reconciliation reports with >100k rows causes heap exhaustion and crashes the app server node.,Hibernate list() method fetches the entire ResultSet into JVM heap memory at once without applying pagination or object streaming.,Implemented JPA StatelessSession with ScrollableResults and dynamic batch fetching to stream data chunks directly to CSV output.,"oom,java-heap,hibernate,memory-leak,batch-processing",Reporting Service,PostgreSQL / Data Warehouse,8h,Finance team unable to generate end-of-month financial settlement reports.,JVM Heap Utilization = 100%,Memory Management
JIRA-1051,Logistics-Tracker-J2EE,Incident,P1,Production,Concurrency / Threading,High CPU utilization and thread deadlock during peak traffic [Subsystem-2],2026-02-12 12:27:00,2026-02-12 13:27:00,Closed,JBoss EAP 7.4 / Java 11,v2.5.0-RC1,AP-Southeast (Singapore),Application server CPU spiking to 100% with worker threads stuck in BLOCKED state during morning rush hours.,Synchronized block on a shared singleton bean in legacy audit logger created severe contention across 200 HTTP worker threads.,Replaced manual synchronized block with ConcurrentHashMap and asynchronous non-blocking logging using Log4j2 AsyncAppender.,"thread-lock,cpu-spike,jboss,concurrency,deadlock",Core Banking API,User Auth Engine,4h,Mobile banking login delayed or timing out for 40 minutes.,CPU Load > 98%,Concurrency Bug
JIRA-1052,CoreBanking-EE,Incident,P1,Staging,Integration / HTTP Client,Payment gateway client thread pool starvation on upstream latency [Subsystem-3],2026-02-14 13:44:00,2026-02-17 05:44:00,Closed,Apache HttpClient / JAX-RS,v3.1.2,US-East (N. Virginia),Payment requests hanging indefinitely leading to total exhaustion of Tomcat worker threads.,"Default socket timeout on Apache HttpClient was unset (infinite), causing threads to wait indefinitely when third-party API stalled.",Configured ConnectTimeout (1000ms) and SocketTimeout (3000ms) alongside Resilience4j Circuit Breaker and fallback handling.,"http-client,timeout,circuit-breaker,payment-gateway",Payment Service,Third-Party Payment Gateway,72h,E-commerce platform unable to accept credit card payments globally.,Active Thread Count = Max Limit,Configuration Error
JIRA-1053,ECommerce-Portal,Bug,P2,UAT,Caching / Redis,HTTP Session state corruption across clustered JBoss nodes [Subsystem-4],2026-02-16 14:01:00,2026-02-16 16:01:00,Closed,Redis / Spring Session,v1.9.4,US-West (Oregon),Users intermittently losing session data or seeing authorization errors after load balancer redirects traffic between nodes.,Non-serializable object stored inside HttpSession triggering Java Serialization failure during Redis session replication.,Implemented java.io.Serializable on custom DTO classes and added transient modifiers to non-essential cached fields.,"session-replication,redis,serialization,jboss-cluster",User Management Service,Redis Cluster,8h,Users forced to re-authenticate repeatedly during browsing.,Session Drop Rate = 8%,Serialization Error
JIRA-1054,Healthcare-Claims-App,Bug,P2,QA,JMS / Messaging,ActiveMQ queue consumer stuck due to unhandled Poison Pill message [Subsystem-5],2026-02-18 15:18:00,2026-02-20 20:18:00,Closed,ActiveMQ / JMS 2.0,v4.0.0,EU-Central (Frankfurt),Notification queue depth escalating continuously. Messages not consuming despite active consumer threads.,Uncaught ClassCastException during JMS ObjectMessage payload deserialization causing continuous redelivery loops without acknowledgment.,Configured ActiveMQ Dead Letter Queue (DLQ) with maxRedelivery attempt threshold of 3 and custom MessageListener exception handler.,"jms,activemq,poison-pill,dlq,consumer-stall",Notification Service,ActiveMQ Broker,72h,SMS and Email notifications delayed by over 3 hours.,"JMS Queue Depth > 45,000",Error Handling
JIRA-1055,Logistics-Tracker-J2EE,Bug,P2,Development,JVM / Metaspace,Metaspace OutOfMemoryError after dynamic hot deployments [Subsystem-1],2026-02-20 16:35:00,2026-02-20 23:35:00,Resolved,Tomcat 9 / Java 8,v2.4.1,AP-Southeast (Singapore),Tomcat server crashes with java.lang.OutOfMemoryError: Metaspace after multiple web app redeployments.,"ThreadLocal variables in custom logging context were not removed on web application shutdown, pinning WebappClassLoader in memory.",Added ServletContextListener to explicitly invoke ThreadLocal.remove() and unregister JDBC drivers on contextDestroyed.,"metaspace,classloader,memory-leak,tomcat-redeploy",Admin Portal,Tomcat Container,12h,Staging/UAT environment frequent crashes during continuous deployment cycles.,Metaspace Usage = 100%,Memory Management
JIRA-1056,CoreBanking-EE,Vulnerability,P2,Production,Security / XML Parsing,XML External Entity (XXE) vulnerability in SOAP endpoint [Subsystem-2],2026-02-22 17:52:00,2026-02-23 10:52:00,Closed,Apache CXF / JAX-WS,v2.5.0-RC1,US-East (N. Virginia),Security penetration testing identified XXE vulnerability in parsing incoming XML SOAP requests.,SAXParserFactory instance used for parsing XML payloads was initialized without disabling external DTD evaluation.,Configured XMLInputFactory and DocumentBuilderFactory with FEATURE_SECURE_PROCESSING and set disallow-doctype-decl to true.,"xxe,security-vulnerability,soap,cxf,xml-parser",B2B Integration Gateway,External Vendor APIs,72h,Potential security compliance violation (PCI-DSS / OWASP Top 10).,Pen-Test Security Vulnerability Level: High,Security Vulnerability
JIRA-1057,ECommerce-Portal,Bug,P2,Production,OR Mapping / SQL,N+1 SELECT query performance degradation on catalog fetching [Subsystem-3],2026-02-24 18:09:00,2026-02-24 20:09:00,Closed,Hibernate / JPA / PostgreSQL,v3.1.2,US-West (Oregon),"Fetching product catalog list executes over 1,200 separate SQL SELECT queries for child category items.",Lazy fetch type defined on @OneToMany relation without explicit JOIN FETCH or EntityGraph specification in JPQL query.,Refactored DAO query to use explicit JOIN FETCH and configured @BatchSize(size = 25) on child collections.,"n-plus-one,hibernate-performance,jpa,sql-optimization",Product Catalog Service,PostgreSQL DB,2h,Product catalog loading taking 8.5 seconds instead of target < 500ms.,Database Queries per Request = 1200+,Code Logic / Performance
JIRA-1058,Healthcare-Claims-App,Bug,P3,Production,Security / CORS,CORS preflight request failure for secondary domain origins [Subsystem-4],2026-02-26 19:26:00,2026-02-26 20:26:00,Closed,Spring Security 5,v1.9.4,EU-Central (Frankfurt),Browser blocking REST callouts from new partner domain with 'Response to preflight request doesn't pass access control check'.,CorsConfigurationBean allowed domain list was hardcoded and missing new sub-domain origins.,Externalized CORS allowed-origins setting into application.yml dynamic property list backed by Spring Cloud Config.,"cors,spring-security,http-403,web-api",Customer Portal Backend,Frontend Web App,4h,Partner portal users unable to access account summary dashboard.,HTTP 403 Preflight Errors,Configuration Error
JIRA-1059,Logistics-Tracker-J2EE,Bug,P3,Staging,Transaction / JTA,Spring @Transactional rollback ignored on checked Exception [Subsystem-5],2026-02-28 20:43:00,2026-03-01 00:43:00,Closed,Spring Framework / JTA,v4.0.0,AP-Southeast (Singapore),Database updates commit successfully even when custom OrderProcessingException is thrown during checkout workflow.,Spring declarative transaction management defaults to rolling back only on Unchecked (RuntimeException) exceptions.,Annotated service methods with @Transactional(rollbackFor = Exception.class) to ensure all checked exceptions trigger rollback.,"transaction-rollback,spring-tx,data-integrity",Inventory Service,Inventory DB,8h,Inventory counts deducted without corresponding order creation.,Data Inconsistency Count = 14 records,Framework Misuse
JIRA-1060,CoreBanking-EE,Task,P3,UAT,Batch Processing,Spring Scheduled batch job executing concurrently across cluster [Subsystem-1],2026-01-01 09:00:00,2026-01-01 10:00:00,Closed,Spring Batch / ShedLock,v2.4.1,US-East (N. Virginia),Nightly billing batch job runs simultaneously on all 4 application nodes causing duplicate invoice generation.,@Scheduled annotation used without a distributed lock mechanism across clustered instance nodes.,Integrated ShedLock library with JDBC database lock provider to guarantee single-node execution of scheduled tasks.,"spring-scheduled,shedlock,batch-job,duplicate-task",Billing Service,PostgreSQL DB,4h,Duplicate invoice emails sent to 120 customers.,Duplicate Jobs Executed = 4,Architecture / Design
JIRA-1061,ECommerce-Portal,Bug,P3,QA,Web Container / Tomcat,HTTP 400 Bad Request on large JSON payload submission [Subsystem-2],2026-01-03 10:17:00,2026-01-05 21:17:00,Closed,Apache Tomcat 9 / Spring MVC,v2.5.0-RC1,US-West (Oregon),Users unable to upload documents with base64 strings larger than 2MB; server returns immediate HTTP 400.,"Tomcat default maxPostSize parameter set to 2097152 bytes (2MB), rejecting larger request bodies.",Configured maxPostSize in Tomcat server.xml / application.properties to 10485760 bytes (10MB).,"tomcat,max-post-size,http-400,payload-limit",Document Management Service,Tomcat Web Server,72h,Users unable to attach PDF contracts > 2MB.,HTTP 400 Error Count on Uploads,Configuration Error
JIRA-1062,Healthcare-Claims-App,Improvement,P4,Development,Logging / MDC,Missing Correlation ID in async executor log statements [Subsystem-3],2026-01-05 11:34:00,2026-01-05 14:34:00,Closed,Slf4j / Logback / Spring Async,v3.1.2,EU-Central (Frankfurt),Traceability lost in Kibana when log events transition from HTTP request threads to @Async background executor threads.,Logback Mapped Diagnostic Context (MDC) context map is bound to ThreadLocal and not transferred to pool worker threads.,Implemented custom TaskDecorator to copy parent thread MDC context to child task execution threads.,"mdc,slf4j,async-executor,correlation-id,logging",Audit Logging Service,ELK Stack,8h,Increased mean time to resolution (MTTR) during log tracing.,Unlinked Async Logs = 100%,Observability
JIRA-1063,Logistics-Tracker-J2EE,Bug,P4,Production,Localization / i18n,Garbled characters in exported PDF invoices for EU locales [Subsystem-4],2026-01-07 12:51:00,2026-01-07 13:51:00,Closed,Apache PDFBox / Java Core API,v1.9.4,AP-Southeast (Singapore),"Special UTF-8 characters (e.g., German umlauts ä, ö, ü) render as question marks in output PDF documents.",ServletOutputStream was utilizing default OS platform encoding (ISO-8859-1) instead of UTF-8 explicit encoding.,Set response.setCharacterEncoding('UTF-8') and loaded explicit TrueType UTF-8 font into Apache PDFBox instance.,"pdfbox,utf-8,encoding,i18n,pdf-export",Invoice Generation Service,PDF Engine,2h,Minor formatting issue in German customer invoices.,Encoding Defect Count,Code Bug
JIRA-1064,CoreBanking-EE,Task,P4,Production,Build / Code Quality,SonarQube quality gate failure due to unused imports and dead code [Subsystem-5],2026-01-09 13:08:00,2026-01-09 22:08:00,Closed,SonarQube / Maven / Java 11,v4.0.0,US-East (N. Virginia),Automated build pipeline blocked due to minor SonarQube rule violations regarding code cleanliness.,Accumulated unused import statements and deprecated utility method calls following feature refactoring.,"Executed automatic IDE code cleanup, removed unused imports, and updated SonarQube quality gate thresholds for non-critical modules.","sonarqube,code-quality,maven,ci-cd",Core Utilities Library,CI/CD Pipeline,24h,Build pipeline delayed by 1 hour.,SonarQube Quality Gate Status = Failed,Technical Debt
JIRA-1065,ECommerce-Portal,Incident,P1,Production,Database / Connection Pool,Database Connection Pool Exhaustion under high load [Subsystem-1],2026-01-11 14:25:00,2026-01-13 01:25:00,Closed,HikariCP / Oracle 19c,v2.4.1,US-West (Oregon),"HTTP 500 errors occurring across checkout workflows. Logs indicate 'Connection is not available, request timed out after 30000ms'.",Connections were leaked in legacy DAO classes where PreparedStatement and ResultSet objects were not closed in finally blocks under exception scenarios.,Refactored legacy JDBC DAO code to use Java try-with-resources blocks ensuring deterministic connection cleanup. Increased pool max-size to 50.,"connection-leak,hikaricp,jdbc,oracle,production-down",Order Processing Service,Oracle DB Cluster,72h,Checkout failures affecting ~15% of active users during flash sale.,HTTP 500 Error Rate > 12%,Resource Leak
JIRA-1066,Healthcare-Claims-App,Incident,P1,Staging,JVM / Memory,OutOfMemoryError: Java heap space during bulk report generation [Subsystem-2],2026-01-13 15:42:00,2026-01-14 06:42:00,Closed,Spring 5 / Hibernate 5 / Java 11,v2.5.0-RC1,EU-Central (Frankfurt),Exporting monthly reconciliation reports with >100k rows causes heap exhaustion and crashes the app server node.,Hibernate list() method fetches the entire ResultSet into JVM heap memory at once without applying pagination or object streaming.,Implemented JPA StatelessSession with ScrollableResults and dynamic batch fetching to stream data chunks directly to CSV output.,"oom,java-heap,hibernate,memory-leak,batch-processing",Reporting Service,PostgreSQL / Data Warehouse,24h,Finance team unable to generate end-of-month financial settlement reports.,JVM Heap Utilization = 100%,Memory Management
JIRA-1067,Logistics-Tracker-J2EE,Incident,P1,UAT,Concurrency / Threading,High CPU utilization and thread deadlock during peak traffic [Subsystem-3],2026-01-15 16:59:00,2026-01-16 00:59:00,Closed,JBoss EAP 7.4 / Java 11,v3.1.2,AP-Southeast (Singapore),Application server CPU spiking to 100% with worker threads stuck in BLOCKED state during morning rush hours.,Synchronized block on a shared singleton bean in legacy audit logger created severe contention across 200 HTTP worker threads.,Replaced manual synchronized block with ConcurrentHashMap and asynchronous non-blocking logging using Log4j2 AsyncAppender.,"thread-lock,cpu-spike,jboss,concurrency,deadlock",Core Banking API,User Auth Engine,8h,Mobile banking login delayed or timing out for 40 minutes.,CPU Load > 98%,Concurrency Bug
JIRA-1068,CoreBanking-EE,Incident,P1,QA,Integration / HTTP Client,Payment gateway client thread pool starvation on upstream latency [Subsystem-4],2026-01-17 17:16:00,2026-01-18 22:16:00,Resolved,Apache HttpClient / JAX-RS,v1.9.4,US-East (N. Virginia),Payment requests hanging indefinitely leading to total exhaustion of Tomcat worker threads.,"Default socket timeout on Apache HttpClient was unset (infinite), causing threads to wait indefinitely when third-party API stalled.",Configured ConnectTimeout (1000ms) and SocketTimeout (3000ms) alongside Resilience4j Circuit Breaker and fallback handling.,"http-client,timeout,circuit-breaker,payment-gateway",Payment Service,Third-Party Payment Gateway,48h,E-commerce platform unable to accept credit card payments globally.,Active Thread Count = Max Limit,Configuration Error
JIRA-1069,ECommerce-Portal,Bug,P2,Development,Caching / Redis,HTTP Session state corruption across clustered JBoss nodes [Subsystem-5],2026-01-19 18:33:00,2026-01-19 22:33:00,Resolved,Redis / Spring Session,v4.0.0,US-West (Oregon),Users intermittently losing session data or seeing authorization errors after load balancer redirects traffic between nodes.,Non-serializable object stored inside HttpSession triggering Java Serialization failure during Redis session replication.,Implemented java.io.Serializable on custom DTO classes and added transient modifiers to non-essential cached fields.,"session-replication,redis,serialization,jboss-cluster",User Management Service,Redis Cluster,48h,Users forced to re-authenticate repeatedly during browsing.,Session Drop Rate = 8%,Serialization Error
JIRA-1070,Healthcare-Claims-App,Bug,P2,Production,JMS / Messaging,ActiveMQ queue consumer stuck due to unhandled Poison Pill message [Subsystem-1],2026-01-21 19:50:00,2026-01-21 20:50:00,Closed,ActiveMQ / JMS 2.0,v2.4.1,EU-Central (Frankfurt),Notification queue depth escalating continuously. Messages not consuming despite active consumer threads.,Uncaught ClassCastException during JMS ObjectMessage payload deserialization causing continuous redelivery loops without acknowledgment.,Configured ActiveMQ Dead Letter Queue (DLQ) with maxRedelivery attempt threshold of 3 and custom MessageListener exception handler.,"jms,activemq,poison-pill,dlq,consumer-stall",Notification Service,ActiveMQ Broker,4h,SMS and Email notifications delayed by over 3 hours.,"JMS Queue Depth > 45,000",Error Handling
JIRA-1071,Logistics-Tracker-J2EE,Bug,P2,Production,JVM / Metaspace,Metaspace OutOfMemoryError after dynamic hot deployments [Subsystem-2],2026-01-23 20:07:00,2026-01-23 22:07:00,Closed,Tomcat 9 / Java 8,v2.5.0-RC1,AP-Southeast (Singapore),Tomcat server crashes with java.lang.OutOfMemoryError: Metaspace after multiple web app redeployments.,"ThreadLocal variables in custom logging context were not removed on web application shutdown, pinning WebappClassLoader in memory.",Added ServletContextListener to explicitly invoke ThreadLocal.remove() and unregister JDBC drivers on contextDestroyed.,"metaspace,classloader,memory-leak,tomcat-redeploy",Admin Portal,Tomcat Container,2h,Staging/UAT environment frequent crashes during continuous deployment cycles.,Metaspace Usage = 100%,Memory Management
JIRA-1072,CoreBanking-EE,Vulnerability,P2,Production,Security / XML Parsing,XML External Entity (XXE) vulnerability in SOAP endpoint [Subsystem-3],2026-01-25 09:24:00,2026-01-25 18:24:00,Closed,Apache CXF / JAX-WS,v3.1.2,US-East (N. Virginia),Security penetration testing identified XXE vulnerability in parsing incoming XML SOAP requests.,SAXParserFactory instance used for parsing XML payloads was initialized without disabling external DTD evaluation.,Configured XMLInputFactory and DocumentBuilderFactory with FEATURE_SECURE_PROCESSING and set disallow-doctype-decl to true.,"xxe,security-vulnerability,soap,cxf,xml-parser",B2B Integration Gateway,External Vendor APIs,24h,Potential security compliance violation (PCI-DSS / OWASP Top 10).,Pen-Test Security Vulnerability Level: High,Security Vulnerability
JIRA-1073,ECommerce-Portal,Bug,P2,Staging,OR Mapping / SQL,N+1 SELECT query performance degradation on catalog fetching [Subsystem-4],2026-01-27 10:41:00,2026-01-27 19:41:00,Closed,Hibernate / JPA / PostgreSQL,v1.9.4,US-West (Oregon),"Fetching product catalog list executes over 1,200 separate SQL SELECT queries for child category items.",Lazy fetch type defined on @OneToMany relation without explicit JOIN FETCH or EntityGraph specification in JPQL query.,Refactored DAO query to use explicit JOIN FETCH and configured @BatchSize(size = 25) on child collections.,"n-plus-one,hibernate-performance,jpa,sql-optimization",Product Catalog Service,PostgreSQL DB,12h,Product catalog loading taking 8.5 seconds instead of target < 500ms.,Database Queries per Request = 1200+,Code Logic / Performance
JIRA-1074,Healthcare-Claims-App,Bug,P3,UAT,Security / CORS,CORS preflight request failure for secondary domain origins [Subsystem-5],2026-01-29 11:58:00,2026-01-29 19:58:00,Closed,Spring Security 5,v4.0.0,EU-Central (Frankfurt),Browser blocking REST callouts from new partner domain with 'Response to preflight request doesn't pass access control check'.,CorsConfigurationBean allowed domain list was hardcoded and missing new sub-domain origins.,Externalized CORS allowed-origins setting into application.yml dynamic property list backed by Spring Cloud Config.,"cors,spring-security,http-403,web-api",Customer Portal Backend,Frontend Web App,8h,Partner portal users unable to access account summary dashboard.,HTTP 403 Preflight Errors,Configuration Error
JIRA-1075,Logistics-Tracker-J2EE,Bug,P3,QA,Transaction / JTA,Spring @Transactional rollback ignored on checked Exception [Subsystem-1],2026-01-31 12:15:00,2026-02-01 19:15:00,Closed,Spring Framework / JTA,v2.4.1,AP-Southeast (Singapore),Database updates commit successfully even when custom OrderProcessingException is thrown during checkout workflow.,Spring declarative transaction management defaults to rolling back only on Unchecked (RuntimeException) exceptions.,Annotated service methods with @Transactional(rollbackFor = Exception.class) to ensure all checked exceptions trigger rollback.,"transaction-rollback,spring-tx,data-integrity",Inventory Service,Inventory DB,48h,Inventory counts deducted without corresponding order creation.,Data Inconsistency Count = 14 records,Framework Misuse
JIRA-1076,CoreBanking-EE,Task,P3,Development,Batch Processing,Spring Scheduled batch job executing concurrently across cluster [Subsystem-2],2026-02-02 13:32:00,2026-02-02 16:32:00,Resolved,Spring Batch / ShedLock,v2.5.0-RC1,US-East (N. Virginia),Nightly billing batch job runs simultaneously on all 4 application nodes causing duplicate invoice generation.,@Scheduled annotation used without a distributed lock mechanism across clustered instance nodes.,Integrated ShedLock library with JDBC database lock provider to guarantee single-node execution of scheduled tasks.,"spring-scheduled,shedlock,batch-job,duplicate-task",Billing Service,PostgreSQL DB,12h,Duplicate invoice emails sent to 120 customers.,Duplicate Jobs Executed = 4,Architecture / Design
JIRA-1077,ECommerce-Portal,Bug,P3,Production,Web Container / Tomcat,HTTP 400 Bad Request on large JSON payload submission [Subsystem-3],2026-02-04 14:49:00,2026-02-04 18:49:00,Closed,Apache Tomcat 9 / Spring MVC,v3.1.2,US-West (Oregon),Users unable to upload documents with base64 strings larger than 2MB; server returns immediate HTTP 400.,"Tomcat default maxPostSize parameter set to 2097152 bytes (2MB), rejecting larger request bodies.",Configured maxPostSize in Tomcat server.xml / application.properties to 10485760 bytes (10MB).,"tomcat,max-post-size,http-400,payload-limit",Document Management Service,Tomcat Web Server,48h,Users unable to attach PDF contracts > 2MB.,HTTP 400 Error Count on Uploads,Configuration Error
JIRA-1078,Healthcare-Claims-App,Improvement,P4,Production,Logging / MDC,Missing Correlation ID in async executor log statements [Subsystem-4],2026-02-06 15:06:00,2026-02-08 07:06:00,Closed,Slf4j / Logback / Spring Async,v1.9.4,EU-Central (Frankfurt),Traceability lost in Kibana when log events transition from HTTP request threads to @Async background executor threads.,Logback Mapped Diagnostic Context (MDC) context map is bound to ThreadLocal and not transferred to pool worker threads.,Implemented custom TaskDecorator to copy parent thread MDC context to child task execution threads.,"mdc,slf4j,async-executor,correlation-id,logging",Audit Logging Service,ELK Stack,72h,Increased mean time to resolution (MTTR) during log tracing.,Unlinked Async Logs = 100%,Observability
JIRA-1079,Logistics-Tracker-J2EE,Bug,P4,Production,Localization / i18n,Garbled characters in exported PDF invoices for EU locales [Subsystem-5],2026-02-08 16:23:00,2026-02-08 23:23:00,Closed,Apache PDFBox / Java Core API,v4.0.0,AP-Southeast (Singapore),"Special UTF-8 characters (e.g., German umlauts ä, ö, ü) render as question marks in output PDF documents.",ServletOutputStream was utilizing default OS platform encoding (ISO-8859-1) instead of UTF-8 explicit encoding.,Set response.setCharacterEncoding('UTF-8') and loaded explicit TrueType UTF-8 font into Apache PDFBox instance.,"pdfbox,utf-8,encoding,i18n,pdf-export",Invoice Generation Service,PDF Engine,8h,Minor formatting issue in German customer invoices.,Encoding Defect Count,Code Bug
JIRA-1080,CoreBanking-EE,Task,P4,Staging,Build / Code Quality,SonarQube quality gate failure due to unused imports and dead code [Subsystem-1],2026-02-10 17:40:00,2026-02-11 10:40:00,Closed,SonarQube / Maven / Java 11,v2.4.1,US-East (N. Virginia),Automated build pipeline blocked due to minor SonarQube rule violations regarding code cleanliness.,Accumulated unused import statements and deprecated utility method calls following feature refactoring.,"Executed automatic IDE code cleanup, removed unused imports, and updated SonarQube quality gate thresholds for non-critical modules.","sonarqube,code-quality,maven,ci-cd",Core Utilities Library,CI/CD Pipeline,48h,Build pipeline delayed by 1 hour.,SonarQube Quality Gate Status = Failed,Technical Debt
JIRA-1081,ECommerce-Portal,Incident,P1,UAT,Database / Connection Pool,Database Connection Pool Exhaustion under high load [Subsystem-2],2026-02-12 18:57:00,2026-02-12 20:57:00,Closed,HikariCP / Oracle 19c,v2.5.0-RC1,US-West (Oregon),"HTTP 500 errors occurring across checkout workflows. Logs indicate 'Connection is not available, request timed out after 30000ms'.",Connections were leaked in legacy DAO classes where PreparedStatement and ResultSet objects were not closed in finally blocks under exception scenarios.,Refactored legacy JDBC DAO code to use Java try-with-resources blocks ensuring deterministic connection cleanup. Increased pool max-size to 50.,"connection-leak,hikaricp,jdbc,oracle,production-down",Order Processing Service,Oracle DB Cluster,2h,Checkout failures affecting ~15% of active users during flash sale.,HTTP 500 Error Rate > 12%,Resource Leak
JIRA-1082,Healthcare-Claims-App,Incident,P1,QA,JVM / Memory,OutOfMemoryError: Java heap space during bulk report generation [Subsystem-3],2026-02-14 19:14:00,2026-02-14 21:14:00,Closed,Spring 5 / Hibernate 5 / Java 11,v3.1.2,EU-Central (Frankfurt),Exporting monthly reconciliation reports with >100k rows causes heap exhaustion and crashes the app server node.,Hibernate list() method fetches the entire ResultSet into JVM heap memory at once without applying pagination or object streaming.,Implemented JPA StatelessSession with ScrollableResults and dynamic batch fetching to stream data chunks directly to CSV output.,"oom,java-heap,hibernate,memory-leak,batch-processing",Reporting Service,PostgreSQL / Data Warehouse,2h,Finance team unable to generate end-of-month financial settlement reports.,JVM Heap Utilization = 100%,Memory Management
JIRA-1083,Logistics-Tracker-J2EE,Incident,P1,Development,Concurrency / Threading,High CPU utilization and thread deadlock during peak traffic [Subsystem-4],2026-02-16 20:31:00,2026-02-19 18:31:00,Closed,JBoss EAP 7.4 / Java 11,v1.9.4,AP-Southeast (Singapore),Application server CPU spiking to 100% with worker threads stuck in BLOCKED state during morning rush hours.,Synchronized block on a shared singleton bean in legacy audit logger created severe contention across 200 HTTP worker threads.,Replaced manual synchronized block with ConcurrentHashMap and asynchronous non-blocking logging using Log4j2 AsyncAppender.,"thread-lock,cpu-spike,jboss,concurrency,deadlock",Core Banking API,User Auth Engine,72h,Mobile banking login delayed or timing out for 40 minutes.,CPU Load > 98%,Concurrency Bug
JIRA-1084,CoreBanking-EE,Incident,P1,Production,Integration / HTTP Client,Payment gateway client thread pool starvation on upstream latency [Subsystem-5],2026-02-18 09:48:00,2026-02-19 11:48:00,Closed,Apache HttpClient / JAX-RS,v4.0.0,US-East (N. Virginia),Payment requests hanging indefinitely leading to total exhaustion of Tomcat worker threads.,"Default socket timeout on Apache HttpClient was unset (infinite), causing threads to wait indefinitely when third-party API stalled.",Configured ConnectTimeout (1000ms) and SocketTimeout (3000ms) alongside Resilience4j Circuit Breaker and fallback handling.,"http-client,timeout,circuit-breaker,payment-gateway",Payment Service,Third-Party Payment Gateway,72h,E-commerce platform unable to accept credit card payments globally.,Active Thread Count = Max Limit,Configuration Error
JIRA-1085,ECommerce-Portal,Bug,P2,Production,Caching / Redis,HTTP Session state corruption across clustered JBoss nodes [Subsystem-1],2026-02-20 10:05:00,2026-02-20 11:05:00,Closed,Redis / Spring Session,v2.4.1,US-West (Oregon),Users intermittently losing session data or seeing authorization errors after load balancer redirects traffic between nodes.,Non-serializable object stored inside HttpSession triggering Java Serialization failure during Redis session replication.,Implemented java.io.Serializable on custom DTO classes and added transient modifiers to non-essential cached fields.,"session-replication,redis,serialization,jboss-cluster",User Management Service,Redis Cluster,12h,Users forced to re-authenticate repeatedly during browsing.,Session Drop Rate = 8%,Serialization Error
JIRA-1086,Healthcare-Claims-App,Bug,P2,Production,JMS / Messaging,ActiveMQ queue consumer stuck due to unhandled Poison Pill message [Subsystem-2],2026-02-22 11:22:00,2026-02-22 21:22:00,Closed,ActiveMQ / JMS 2.0,v2.5.0-RC1,EU-Central (Frankfurt),Notification queue depth escalating continuously. Messages not consuming despite active consumer threads.,Uncaught ClassCastException during JMS ObjectMessage payload deserialization causing continuous redelivery loops without acknowledgment.,Configured ActiveMQ Dead Letter Queue (DLQ) with maxRedelivery attempt threshold of 3 and custom MessageListener exception handler.,"jms,activemq,poison-pill,dlq,consumer-stall",Notification Service,ActiveMQ Broker,48h,SMS and Email notifications delayed by over 3 hours.,"JMS Queue Depth > 45,000",Error Handling
JIRA-1087,Logistics-Tracker-J2EE,Bug,P2,Staging,JVM / Metaspace,Metaspace OutOfMemoryError after dynamic hot deployments [Subsystem-3],2026-02-24 12:39:00,2026-02-24 18:39:00,Closed,Tomcat 9 / Java 8,v3.1.2,AP-Southeast (Singapore),Tomcat server crashes with java.lang.OutOfMemoryError: Metaspace after multiple web app redeployments.,"ThreadLocal variables in custom logging context were not removed on web application shutdown, pinning WebappClassLoader in memory.",Added ServletContextListener to explicitly invoke ThreadLocal.remove() and unregister JDBC drivers on contextDestroyed.,"metaspace,classloader,memory-leak,tomcat-redeploy",Admin Portal,Tomcat Container,8h,Staging/UAT environment frequent crashes during continuous deployment cycles.,Metaspace Usage = 100%,Memory Management
JIRA-1088,CoreBanking-EE,Vulnerability,P2,UAT,Security / XML Parsing,XML External Entity (XXE) vulnerability in SOAP endpoint [Subsystem-4],2026-02-26 13:56:00,2026-02-26 15:56:00,Closed,Apache CXF / JAX-WS,v1.9.4,US-East (N. Virginia),Security penetration testing identified XXE vulnerability in parsing incoming XML SOAP requests.,SAXParserFactory instance used for parsing XML payloads was initialized without disabling external DTD evaluation.,Configured XMLInputFactory and DocumentBuilderFactory with FEATURE_SECURE_PROCESSING and set disallow-doctype-decl to true.,"xxe,security-vulnerability,soap,cxf,xml-parser",B2B Integration Gateway,External Vendor APIs,8h,Potential security compliance violation (PCI-DSS / OWASP Top 10).,Pen-Test Security Vulnerability Level: High,Security Vulnerability
JIRA-1089,ECommerce-Portal,Bug,P2,QA,OR Mapping / SQL,N+1 SELECT query performance degradation on catalog fetching [Subsystem-5],2026-02-28 14:13:00,2026-03-01 22:13:00,Closed,Hibernate / JPA / PostgreSQL,v4.0.0,US-West (Oregon),"Fetching product catalog list executes over 1,200 separate SQL SELECT queries for child category items.",Lazy fetch type defined on @OneToMany relation without explicit JOIN FETCH or EntityGraph specification in JPQL query.,Refactored DAO query to use explicit JOIN FETCH and configured @BatchSize(size = 25) on child collections.,"n-plus-one,hibernate-performance,jpa,sql-optimization",Product Catalog Service,PostgreSQL DB,48h,Product catalog loading taking 8.5 seconds instead of target < 500ms.,Database Queries per Request = 1200+,Code Logic / Performance
JIRA-1090,Healthcare-Claims-App,Bug,P3,Development,Security / CORS,CORS preflight request failure for secondary domain origins [Subsystem-1],2026-01-01 15:30:00,2026-01-01 16:30:00,Closed,Spring Security 5,v2.4.1,EU-Central (Frankfurt),Browser blocking REST callouts from new partner domain with 'Response to preflight request doesn't pass access control check'.,CorsConfigurationBean allowed domain list was hardcoded and missing new sub-domain origins.,Externalized CORS allowed-origins setting into application.yml dynamic property list backed by Spring Cloud Config.,"cors,spring-security,http-403,web-api",Customer Portal Backend,Frontend Web App,2h,Partner portal users unable to access account summary dashboard.,HTTP 403 Preflight Errors,Configuration Error
JIRA-1091,Logistics-Tracker-J2EE,Bug,P3,Production,Transaction / JTA,Spring @Transactional rollback ignored on checked Exception [Subsystem-2],2026-01-03 16:47:00,2026-01-04 01:47:00,Closed,Spring Framework / JTA,v2.5.0-RC1,AP-Southeast (Singapore),Database updates commit successfully even when custom OrderProcessingException is thrown during checkout workflow.,Spring declarative transaction management defaults to rolling back only on Unchecked (RuntimeException) exceptions.,Annotated service methods with @Transactional(rollbackFor = Exception.class) to ensure all checked exceptions trigger rollback.,"transaction-rollback,spring-tx,data-integrity",Inventory Service,Inventory DB,12h,Inventory counts deducted without corresponding order creation.,Data Inconsistency Count = 14 records,Framework Misuse
JIRA-1092,CoreBanking-EE,Task,P3,Production,Batch Processing,Spring Scheduled batch job executing concurrently across cluster [Subsystem-3],2026-01-05 17:04:00,2026-01-06 06:04:00,Closed,Spring Batch / ShedLock,v3.1.2,US-East (N. Virginia),Nightly billing batch job runs simultaneously on all 4 application nodes causing duplicate invoice generation.,@Scheduled annotation used without a distributed lock mechanism across clustered instance nodes.,Integrated ShedLock library with JDBC database lock provider to guarantee single-node execution of scheduled tasks.,"spring-scheduled,shedlock,batch-job,duplicate-task",Billing Service,PostgreSQL DB,72h,Duplicate invoice emails sent to 120 customers.,Duplicate Jobs Executed = 4,Architecture / Design
JIRA-1093,ECommerce-Portal,Bug,P3,Production,Web Container / Tomcat,HTTP 400 Bad Request on large JSON payload submission [Subsystem-4],2026-01-07 18:21:00,2026-01-08 09:21:00,Closed,Apache Tomcat 9 / Spring MVC,v1.9.4,US-West (Oregon),Users unable to upload documents with base64 strings larger than 2MB; server returns immediate HTTP 400.,"Tomcat default maxPostSize parameter set to 2097152 bytes (2MB), rejecting larger request bodies.",Configured maxPostSize in Tomcat server.xml / application.properties to 10485760 bytes (10MB).,"tomcat,max-post-size,http-400,payload-limit",Document Management Service,Tomcat Web Server,24h,Users unable to attach PDF contracts > 2MB.,HTTP 400 Error Count on Uploads,Configuration Error
JIRA-1094,Healthcare-Claims-App,Improvement,P4,Staging,Logging / MDC,Missing Correlation ID in async executor log statements [Subsystem-5],2026-01-09 19:38:00,2026-01-09 20:38:00,Closed,Slf4j / Logback / Spring Async,v4.0.0,EU-Central (Frankfurt),Traceability lost in Kibana when log events transition from HTTP request threads to @Async background executor threads.,Logback Mapped Diagnostic Context (MDC) context map is bound to ThreadLocal and not transferred to pool worker threads.,Implemented custom TaskDecorator to copy parent thread MDC context to child task execution threads.,"mdc,slf4j,async-executor,correlation-id,logging",Audit Logging Service,ELK Stack,8h,Increased mean time to resolution (MTTR) during log tracing.,Unlinked Async Logs = 100%,Observability
JIRA-1095,Logistics-Tracker-J2EE,Bug,P4,UAT,Localization / i18n,Garbled characters in exported PDF invoices for EU locales [Subsystem-1],2026-01-11 20:55:00,2026-01-12 08:55:00,Closed,Apache PDFBox / Java Core API,v2.4.1,AP-Southeast (Singapore),"Special UTF-8 characters (e.g., German umlauts ä, ö, ü) render as question marks in output PDF documents.",ServletOutputStream was utilizing default OS platform encoding (ISO-8859-1) instead of UTF-8 explicit encoding.,Set response.setCharacterEncoding('UTF-8') and loaded explicit TrueType UTF-8 font into Apache PDFBox instance.,"pdfbox,utf-8,encoding,i18n,pdf-export",Invoice Generation Service,PDF Engine,24h,Minor formatting issue in German customer invoices.,Encoding Defect Count,Code Bug
JIRA-1096,CoreBanking-EE,Task,P4,QA,Build / Code Quality,SonarQube quality gate failure due to unused imports and dead code [Subsystem-2],2026-01-13 09:12:00,2026-01-14 06:12:00,Resolved,SonarQube / Maven / Java 11,v2.5.0-RC1,US-East (N. Virginia),Automated build pipeline blocked due to minor SonarQube rule violations regarding code cleanliness.,Accumulated unused import statements and deprecated utility method calls following feature refactoring.,"Executed automatic IDE code cleanup, removed unused imports, and updated SonarQube quality gate thresholds for non-critical modules.","sonarqube,code-quality,maven,ci-cd",Core Utilities Library,CI/CD Pipeline,24h,Build pipeline delayed by 1 hour.,SonarQube Quality Gate Status = Failed,Technical Debt
JIRA-1097,ECommerce-Portal,Incident,P1,Development,Database / Connection Pool,Database Connection Pool Exhaustion under high load [Subsystem-3],2026-01-15 10:29:00,2026-01-17 19:29:00,Resolved,HikariCP / Oracle 19c,v3.1.2,US-West (Oregon),"HTTP 500 errors occurring across checkout workflows. Logs indicate 'Connection is not available, request timed out after 30000ms'.",Connections were leaked in legacy DAO classes where PreparedStatement and ResultSet objects were not closed in finally blocks under exception scenarios.,Refactored legacy JDBC DAO code to use Java try-with-resources blocks ensuring deterministic connection cleanup. Increased pool max-size to 50.,"connection-leak,hikaricp,jdbc,oracle,production-down",Order Processing Service,Oracle DB Cluster,72h,Checkout failures affecting ~15% of active users during flash sale.,HTTP 500 Error Rate > 12%,Resource Leak
JIRA-1098,Healthcare-Claims-App,Incident,P1,Production,JVM / Memory,OutOfMemoryError: Java heap space during bulk report generation [Subsystem-4],2026-01-17 11:46:00,2026-01-17 17:46:00,Closed,Spring 5 / Hibernate 5 / Java 11,v1.9.4,EU-Central (Frankfurt),Exporting monthly reconciliation reports with >100k rows causes heap exhaustion and crashes the app server node.,Hibernate list() method fetches the entire ResultSet into JVM heap memory at once without applying pagination or object streaming.,Implemented JPA StatelessSession with ScrollableResults and dynamic batch fetching to stream data chunks directly to CSV output.,"oom,java-heap,hibernate,memory-leak,batch-processing",Reporting Service,PostgreSQL / Data Warehouse,8h,Finance team unable to generate end-of-month financial settlement reports.,JVM Heap Utilization = 100%,Memory Management
JIRA-1099,Logistics-Tracker-J2EE,Incident,P1,Production,Concurrency / Threading,High CPU utilization and thread deadlock during peak traffic [Subsystem-5],2026-01-19 12:03:00,2026-01-19 15:03:00,Closed,JBoss EAP 7.4 / Java 11,v4.0.0,AP-Southeast (Singapore),Application server CPU spiking to 100% with worker threads stuck in BLOCKED state during morning rush hours.,Synchronized block on a shared singleton bean in legacy audit logger created severe contention across 200 HTTP worker threads.,Replaced manual synchronized block with ConcurrentHashMap and asynchronous non-blocking logging using Log4j2 AsyncAppender.,"thread-lock,cpu-spike,jboss,concurrency,deadlock",Core Banking API,User Auth Engine,8h,Mobile banking login delayed or timing out for 40 minutes.,CPU Load > 98%,Concurrency Bug
JIRA-1100,CoreBanking-EE,Incident,P1,Production,Integration / HTTP Client,Payment gateway client thread pool starvation on upstream latency [Subsystem-1],2026-01-21 13:20:00,2026-01-21 17:20:00,Closed,Apache HttpClient / JAX-RS,v2.4.1,US-East (N. Virginia),Payment requests hanging indefinitely leading to total exhaustion of Tomcat worker threads.,"Default socket timeout on Apache HttpClient was unset (infinite), causing threads to wait indefinitely when third-party API stalled.",Configured ConnectTimeout (1000ms) and SocketTimeout (3000ms) alongside Resilience4j Circuit Breaker and fallback handling.,"http-client,timeout,circuit-breaker,payment-gateway",Payment Service,Third-Party Payment Gateway,4h,E-commerce platform unable to accept credit card payments globally.,Active Thread Count = Max Limit,Configuration Error
